Workbook

Sheet RawData
A1: NanoTemper Technologies | B1: NanoTemper Technologies
A2: MO.Affinity Analysis v2.3 | B2: MO.Affinity Analysis v2.3
A4: Origin of exported data | B4: Origin of exported data
A5: Project Title:
A6: Comment:
A7: Project File Path:
A8: Analysis-Set Name: | B8: Analysis-Set #4
A9: Exported from: | B9: Dose-Response (Grouped)
A10: Exported on: | B10: 45621.565
A12: Analysis Settings | B12: Analysis Settings
A13: Type of Analysis: | B13: MST
A14: Evaluation strategy: | B14: On Time
A15: Cold Region Start: | B15: -1
A16: Cold Region End: | B16: 0
A17: Hot Region Start: | B17: 4
A18: Hot Region End: | B18: 5
A20: Sample Information | B20: Sample Information
A21: Merge-Set Name: | B21: Experiment 1 (#01)
A22: Date of Measurement: | B22: 2024-11-25 12:24:56.64 → 2024-11-25 13:18:03.103
A23: Capillary Type: | B23: Unspecified container/capillary type
A24: Target: | B24: CD1d
A25: TargetConcentration: | B25: 1e-07
A26: Ligand: | B26: DDM
A28: Measurement Settings | B28: Measurement Settings
A29: MST-Power: | B29: Medium
A30: Excitation-Power: | B30: 50
A31: Excitation type: | B31: Nano - RED
A32: Thermostat Setpoint: | B32: 25
A34: Fit Results (Kd) | B34: Fit Results (Kd)
A35: Fit Model: | B35: Kd
A36: Bound | B36: 874.65384
A37: Unbound | B37: 807.55033
A38: Kd | B38: 4.3519497e-05
A39: TargetConc | B39: 1e-07
A40: Standard Deviation: | B40: 11.02328
A41: Kd Confidence: | B41: 2.6448723e-05
A43: Dose Response Curve | B43: Dose Response Curve | C43: Dose Response Curve | E43: Shifted Dose Response Curve of CD1d_100_DDM (#03) | F43: Shifted Dose Response Curve of CD1d_100_DDM (#03) | H43: Shifted Dose Response Curve of CD1d_50_DDM (#02) | I43: Shifted Dose Response Curve of CD1d_50_DDM (#02) | K43: Shifted Dose Response Curve of CD1d_100_DDM (#01) | L43: Shifted Dose Response Curve of CD1d_100_DDM (#01)
A44: Ligand Concentration [M] | B44: Fnorm [‰] | C44: Error Value | E44: Ligand Concentration [M] | F44: Fnorm [‰] | H44: Ligand Concentration [M] | I44: Fnorm [‰] | K44: Ligand Concentration [M] | L44: Fnorm [‰]
A45: 0.001 | B45: 864.08654 | C45: 34.963865 | E45: 0.001 | F45: 845.52563 | H45: 0.001 | I45: 904.41681 | K45: 0.001 | L45: 842.31718
A46: 0.0005 | B46: 867.17922 | C46: 28.271209 | E46: 0.0005 | F46: 856.90817 | H46: 0.0005 | I46: 845.47932 | K46: 0.0005 | L46: 899.15018
A47: 0.00025 | B47: 862.51936 | C47: 20.001207 | E47: 0.00025 | F47: 856.58248 | H47: 0.00025 | I47: 846.15872 | K47: 0.00025 | L47: 884.81688
A48: 0.000125 | B48: 886.087 | C48: 30.681475 | E48: 0.000125 | F48: 851.70415 | H48: 0.000125 | I48: 895.88127 | K48: 0.000125 | L48: 910.67557
A49: 6.25e-05 | B49: 835.73795 | C49: 10.196529 | E49: 6.25e-05 | F49: 844.05902 | H49: 6.25e-05 | I49: 838.79123 | K49: 6.25e-05 | L49: 824.36361
A50: 3.125e-05 | B50: 828.70453 | C50: 12.544323 | E50: 3.125e-05 | F50: 842.94403 | H50: 3.125e-05 | I50: 823.88422 | K50: 3.125e-05 | L50: 819.28534
A51: 1.5625e-05 | B51: 822.12918 | C51: 11.829516 | E51: 1.5625e-05 | F51: 835.74078 | H51: 1.5625e-05 | I51: 816.31366 | K51: 1.5625e-05 | L51: 814.3331
A52: 7.8125e-06 | B52: 818.77911 | C52: 8.7214945 | E52: 7.8125e-06 | F52: 827.24211 | H52: 7.8125e-06 | I52: 819.27493 | K52: 7.8125e-06 | L52: 809.82027
A53: 3.90625e-06 | B53: 814.13617 | C53: 6.429612 | E53: 3.90625e-06 | F53: 821.41064 | H53: 3.90625e-06 | I53: 809.21384 | K53: 3.90625e-06 | L53: 811.78404
A54: 1.953125e-06 | B54: 809.83826 | C54: 6.4085315 | E54: 1.953125e-06 | F54: 816.64459 | H54: 1.953125e-06 | I54: 808.95 | K54: 1.953125e-06 | L54: 803.9202
A55: 9.765625e-07 | B55: 811.81094 | C55: 5.3349718 | E55: 9.765625e-07 | F55: 814.78333 | H55: 9.765625e-07 | I55: 814.99759 | K55: 9.765625e-07 | L55: 805.65188
A56: 4.8828125e-07 | B56: 808.62183 | C56: 6.6087523 | E56: 4.8828125e-07 | F56: 816.08514 | H56: 4.8828125e-07 | I56: 806.2685 | K56: 4.8828125e-07 | L56: 803.51184

Sheet Graph

Sheet Fit-Values
A1: Dose | B1: FNorm
A2: 0.00095043948 | B2: =((RawData!B36-RawData!B37)*(RawData!B39+A2+RawData!B38-SQRT(POWER(RawData!B39+A2+RawData!B38,2)-(4*RawData!B39*A2)))/(2*RawData!B39))+RawData!B37 -> 871.71549
A3: 0.0009033352 | B3: =((RawData!B36-RawData!B37)*(RawData!B39+A3+RawData!B38-SQRT(POWER(RawData!B39+A3+RawData!B38,2)-(4*RawData!B39*A3)))/(2*RawData!B39))+RawData!B37 -> 871.5693
A4: 0.00085856544 | B4: =((RawData!B36-RawData!B37)*(RawData!B39+A4+RawData!B38-SQRT(POWER(RawData!B39+A4+RawData!B38,2)-(4*RawData!B39*A4)))/(2*RawData!B39))+RawData!B37 -> 871.4162
A5: 0.00081601448 | B5: =((RawData!B36-RawData!B37)*(RawData!B39+A5+RawData!B38-SQRT(POWER(RawData!B39+A5+RawData!B38,2)-(4*RawData!B39*A5)))/(2*RawData!B39))+RawData!B37 -> 871.25591
A6: 0.00077557238 | B6: =((RawData!B36-RawData!B37)*(RawData!B39+A6+RawData!B38-SQRT(POWER(RawData!B39+A6+RawData!B38,2)-(4*RawData!B39*A6)))/(2*RawData!B39))+RawData!B37 -> 871.08812
A7: 0.00073713461 | B7: =((RawData!B36-RawData!B37)*(RawData!B39+A7+RawData!B38-SQRT(POWER(RawData!B39+A7+RawData!B38,2)-(4*RawData!B39*A7)))/(2*RawData!B39))+RawData!B37 -> 870.91253
A8: 0.00070060183 | B8: =((RawData!B36-RawData!B37)*(RawData!B39+A8+RawData!B38-SQRT(POWER(RawData!B39+A8+RawData!B38,2)-(4*RawData!B39*A8)))/(2*RawData!B39))+RawData!B37 -> 870.72883
A9: 0.00066587964 | B9: =((RawData!B36-RawData!B37)*(RawData!B39+A9+RawData!B38-SQRT(POWER(RawData!B39+A9+RawData!B38,2)-(4*RawData!B39*A9)))/(2*RawData!B39))+RawData!B37 -> 870.53669
A10: 0.0006328783 | B10: =((RawData!B36-RawData!B37)*(RawData!B39+A10+RawData!B38-SQRT(POWER(RawData!B39+A10+RawData!B38,2)-(4*RawData!B39*A10)))/(2*RawData!B39))+RawData!B37 -> 870.33579
A11: 0.00060151252 | B11: =((RawData!B36-RawData!B37)*(RawData!B39+A11+RawData!B38-SQRT(POWER(RawData!B39+A11+RawData!B38,2)-(4*RawData!B39*A11)))/(2*RawData!B39))+RawData!B37 -> 870.12579
A12: 0.00057170124 | B12: =((RawData!B36-RawData!B37)*(RawData!B39+A12+RawData!B38-SQRT(POWER(RawData!B39+A12+RawData!B38,2)-(4*RawData!B39*A12)))/(2*RawData!B39))+RawData!B37 -> 869.90635
A13: 0.00054336743 | B13: =((RawData!B36-RawData!B37)*(RawData!B39+A13+RawData!B38-SQRT(POWER(RawData!B39+A13+RawData!B38,2)-(4*RawData!B39*A13)))/(2*RawData!B39))+RawData!B37 -> 869.67712
A14: 0.00051643786 | B14: =((RawData!B36-RawData!B37)*(RawData!B39+A14+RawData!B38-SQRT(POWER(RawData!B39+A14+RawData!B38,2)-(4*RawData!B39*A14)))/(2*RawData!B39))+RawData!B37 -> 869.43774
A15: 0.00049084293 | B15: =((RawData!B36-RawData!B37)*(RawData!B39+A15+RawData!B38-SQRT(POWER(RawData!B39+A15+RawData!B38,2)-(4*RawData!B39*A15)))/(2*RawData!B39))+RawData!B37 -> 869.18786
A16: 0.0004665165 | B16: =((RawData!B36-RawData!B37)*(RawData!B39+A16+RawData!B38-SQRT(POWER(RawData!B39+A16+RawData!B38,2)-(4*RawData!B39*A16)))/(2*RawData!B39))+RawData!B37 -> 868.92711
A17: 0.00044339569 | B17: =((RawData!B36-RawData!B37)*(RawData!B39+A17+RawData!B38-SQRT(POWER(RawData!B39+A17+RawData!B38,2)-(4*RawData!B39*A17)))/(2*RawData!B39))+RawData!B37 -> 868.65514
A18: 0.00042142077 | B18: =((RawData!B36-RawData!B37)*(RawData!B39+A18+RawData!B38-SQRT(POWER(RawData!B39+A18+RawData!B38,2)-(4*RawData!B39*A18)))/(2*RawData!B39))+RawData!B37 -> 868.37157
A19: 0.00040053494 | B19: =((RawData!B36-RawData!B37)*(RawData!B39+A19+RawData!B38-SQRT(POWER(RawData!B39+A19+RawData!B38,2)-(4*RawData!B39*A19)))/(2*RawData!B39))+RawData!B37 -> 868.07603
A20: 0.00038068422 | B20: =((RawData!B36-RawData!B37)*(RawData!B39+A20+RawData!B38-SQRT(POWER(RawData!B39+A20+RawData!B38,2)-(4*RawData!B39*A20)))/(2*RawData!B39))+RawData!B37 -> 867.76816
A21: 0.00036181731 | B21: =((RawData!B36-RawData!B37)*(RawData!B39+A21+RawData!B38-SQRT(POWER(RawData!B39+A21+RawData!B38,2)-(4*RawData!B39*A21)))/(2*RawData!B39))+RawData!B37 -> 867.4476
A22: 0.00034388545 | B22: =((RawData!B36-RawData!B37)*(RawData!B39+A22+RawData!B38-SQRT(POWER(RawData!B39+A22+RawData!B38,2)-(4*RawData!B39*A22)))/(2*RawData!B39))+RawData!B37 -> 867.11397
A23: 0.00032684231 | B23: =((RawData!B36-RawData!B37)*(RawData!B39+A23+RawData!B38-SQRT(POWER(RawData!B39+A23+RawData!B38,2)-(4*RawData!B39*A23)))/(2*RawData!B39))+RawData!B37 -> 866.76693
A24: 0.00031064384 | B24: =((RawData!B36-RawData!B37)*(RawData!B39+A24+RawData!B38-SQRT(POWER(RawData!B39+A24+RawData!B38,2)-(4*RawData!B39*A24)))/(2*RawData!B39))+RawData!B37 -> 866.40613
A25: 0.00029524817 | B25: =((RawData!B36-RawData!B37)*(RawData!B39+A25+RawData!B38-SQRT(POWER(RawData!B39+A25+RawData!B38,2)-(4*RawData!B39*A25)))/(2*RawData!B39))+RawData!B37 -> 866.03122
A26: 0.00028061551 | B26: =((RawData!B36-RawData!B37)*(RawData!B39+A26+RawData!B38-SQRT(POWER(RawData!B39+A26+RawData!B38,2)-(4*RawData!B39*A26)))/(2*RawData!B39))+RawData!B37 -> 865.64188
A27: 0.00026670806 | B27: =((RawData!B36-RawData!B37)*(RawData!B39+A27+RawData!B38-SQRT(POWER(RawData!B39+A27+RawData!B38,2)-(4*RawData!B39*A27)))/(2*RawData!B39))+RawData!B37 -> 865.23778
A28: 0.00025348987 | B28: =((RawData!B36-RawData!B37)*(RawData!B39+A28+RawData!B38-SQRT(POWER(RawData!B39+A28+RawData!B38,2)-(4*RawData!B39*A28)))/(2*RawData!B39))+RawData!B37 -> 864.81862
A29: 0.00024092678 | B29: =((RawData!B36-RawData!B37)*(RawData!B39+A29+RawData!B38-SQRT(POWER(RawData!B39+A29+RawData!B38,2)-(4*RawData!B39*A29)))/(2*RawData!B39))+RawData!B37 -> 864.38413
A30: 0.00022898632 | B30: =((RawData!B36-RawData!B37)*(RawData!B39+A30+RawData!B38-SQRT(POWER(RawData!B39+A30+RawData!B38,2)-(4*RawData!B39*A30)))/(2*RawData!B39))+RawData!B37 -> 863.93402
A31: 0.00021763764 | B31: =((RawData!B36-RawData!B37)*(RawData!B39+A31+RawData!B38-SQRT(POWER(RawData!B39+A31+RawData!B38,2)-(4*RawData!B39*A31)))/(2*RawData!B39))+RawData!B37 -> 863.46807
A32: 0.00020685141 | B32: =((RawData!B36-RawData!B37)*(RawData!B39+A32+RawData!B38-SQRT(POWER(RawData!B39+A32+RawData!B38,2)-(4*RawData!B39*A32)))/(2*RawData!B39))+RawData!B37 -> 862.98605
A33: 0.00019659974 | B33: =((RawData!B36-RawData!B37)*(RawData!B39+A33+RawData!B38-SQRT(POWER(RawData!B39+A33+RawData!B38,2)-(4*RawData!B39*A33)))/(2*RawData!B39))+RawData!B37 -> 862.48777
A34: 0.00018685616 | B34: =((RawData!B36-RawData!B37)*(RawData!B39+A34+RawData!B38-SQRT(POWER(RawData!B39+A34+RawData!B38,2)-(4*RawData!B39*A34)))/(2*RawData!B39))+RawData!B37 -> 861.97307
A35: 0.00017759547 | B35: =((RawData!B36-RawData!B37)*(RawData!B39+A35+RawData!B38-SQRT(POWER(RawData!B39+A35+RawData!B38,2)-(4*RawData!B39*A35)))/(2*RawData!B39))+RawData!B37 -> 861.44183
A36: 0.00016879374 | B36: =((RawData!B36-RawData!B37)*(RawData!B39+A36+RawData!B38-SQRT(POWER(RawData!B39+A36+RawData!B38,2)-(4*RawData!B39*A36)))/(2*RawData!B39))+RawData!B37 -> 860.89396
A37: 0.00016042824 | B37: =((RawData!B36-RawData!B37)*(RawData!B39+A37+RawData!B38-SQRT(POWER(RawData!B39+A37+RawData!B38,2)-(4*RawData!B39*A37)))/(2*RawData!B39))+RawData!B37 -> 860.32939
A38: 0.00015247733 | B38: =((RawData!B36-RawData!B37)*(RawData!B39+A38+RawData!B38-SQRT(POWER(RawData!B39+A38+RawData!B38,2)-(4*RawData!B39*A38)))/(2*RawData!B39))+RawData!B37 -> 859.74813
A39: 0.00014492047 | B39: =((RawData!B36-RawData!B37)*(RawData!B39+A39+RawData!B38-SQRT(POWER(RawData!B39+A39+RawData!B38,2)-(4*RawData!B39*A39)))/(2*RawData!B39))+RawData!B37 -> 859.15021
A40: 0.00013773814 | B40: =((RawData!B36-RawData!B37)*(RawData!B39+A40+RawData!B38-SQRT(POWER(RawData!B39+A40+RawData!B38,2)-(4*RawData!B39*A40)))/(2*RawData!B39))+RawData!B37 -> 858.5357
A41: 0.00013091177 | B41: =((RawData!B36-RawData!B37)*(RawData!B39+A41+RawData!B38-SQRT(POWER(RawData!B39+A41+RawData!B38,2)-(4*RawData!B39*A41)))/(2*RawData!B39))+RawData!B37 -> 857.90473
A42: 0.00012442371 | B42: =((RawData!B36-RawData!B37)*(RawData!B39+A42+RawData!B38-SQRT(POWER(RawData!B39+A42+RawData!B38,2)-(4*RawData!B39*A42)))/(2*RawData!B39))+RawData!B37 -> 857.25748
A43: 0.00011825721 | B43: =((RawData!B36-RawData!B37)*(RawData!B39+A43+RawData!B38-SQRT(POWER(RawData!B39+A43+RawData!B38,2)-(4*RawData!B39*A43)))/(2*RawData!B39))+RawData!B37 -> 856.59418
A44: 0.00011239632 | B44: =((RawData!B36-RawData!B37)*(RawData!B39+A44+RawData!B38-SQRT(POWER(RawData!B39+A44+RawData!B38,2)-(4*RawData!B39*A44)))/(2*RawData!B39))+RawData!B37 -> 855.91512
A45: 0.0001068259 | B45: =((RawData!B36-RawData!B37)*(RawData!B39+A45+RawData!B38-SQRT(POWER(RawData!B39+A45+RawData!B38,2)-(4*RawData!B39*A45)))/(2*RawData!B39))+RawData!B37 -> 855.22064
A46: 0.00010153155 | B46: =((RawData!B36-RawData!B37)*(RawData!B39+A46+RawData!B38-SQRT(POWER(RawData!B39+A46+RawData!B38,2)-(4*RawData!B39*A46)))/(2*RawData!B39))+RawData!B37 -> 854.51113
A47: 9.6499593e-05 | B47: =((RawData!B36-RawData!B37)*(RawData!B39+A47+RawData!B38-SQRT(POWER(RawData!B39+A47+RawData!B38,2)-(4*RawData!B39*A47)))/(2*RawData!B39))+RawData!B37 -> 853.78705
A48: 9.1717023e-05 | B48: =((RawData!B36-RawData!B37)*(RawData!B39+A48+RawData!B38-SQRT(POWER(RawData!B39+A48+RawData!B38,2)-(4*RawData!B39*A48)))/(2*RawData!B39))+RawData!B37 -> 853.0489
A49: 8.7171479e-05 | B49: =((RawData!B36-RawData!B37)*(RawData!B39+A49+RawData!B38-SQRT(POWER(RawData!B39+A49+RawData!B38,2)-(4*RawData!B39*A49)))/(2*RawData!B39))+RawData!B37 -> 852.29727
A50: 8.2851215e-05 | B50: =((RawData!B36-RawData!B37)*(RawData!B39+A50+RawData!B38-SQRT(POWER(RawData!B39+A50+RawData!B38,2)-(4*RawData!B39*A50)))/(2*RawData!B39))+RawData!B37 -> 851.53276
A51: 7.8745066e-05 | B51: =((RawData!B36-RawData!B37)*(RawData!B39+A51+RawData!B38-SQRT(POWER(RawData!B39+A51+RawData!B38,2)-(4*RawData!B39*A51)))/(2*RawData!B39))+RawData!B37 -> 850.75607
A52: 7.4842419e-05 | B52: =((RawData!B36-RawData!B37)*(RawData!B39+A52+RawData!B38-SQRT(POWER(RawData!B39+A52+RawData!B38,2)-(4*RawData!B39*A52)))/(2*RawData!B39))+RawData!B37 -> 849.96793
A53: 7.113319e-05 | B53: =((RawData!B36-RawData!B37)*(RawData!B39+A53+RawData!B38-SQRT(POWER(RawData!B39+A53+RawData!B38,2)-(4*RawData!B39*A53)))/(2*RawData!B39))+RawData!B37 -> 849.16912
A54: 6.7607792e-05 | B54: =((RawData!B36-RawData!B37)*(RawData!B39+A54+RawData!B38-SQRT(POWER(RawData!B39+A54+RawData!B38,2)-(4*RawData!B39*A54)))/(2*RawData!B39))+RawData!B37 -> 848.36047
A55: 6.4257114e-05 | B55: =((RawData!B36-RawData!B37)*(RawData!B39+A55+RawData!B38-SQRT(POWER(RawData!B39+A55+RawData!B38,2)-(4*RawData!B39*A55)))/(2*RawData!B39))+RawData!B37 -> 847.54288
A56: 6.1072498e-05 | B56: =((RawData!B36-RawData!B37)*(RawData!B39+A56+RawData!B38-SQRT(POWER(RawData!B39+A56+RawData!B38,2)-(4*RawData!B39*A56)))/(2*RawData!B39))+RawData!B37 -> 846.71727
A57: 5.8045713e-05 | B57: =((RawData!B36-RawData!B37)*(RawData!B39+A57+RawData!B38-SQRT(POWER(RawData!B39+A57+RawData!B38,2)-(4*RawData!B39*A57)))/(2*RawData!B39))+RawData!B37 -> 845.88459
A58: 5.5168937e-05 | B58: =((RawData!B36-RawData!B37)*(RawData!B39+A58+RawData!B38-SQRT(POWER(RawData!B39+A58+RawData!B38,2)-(4*RawData!B39*A58)))/(2*RawData!B39))+RawData!B37 -> 845.04585
A59: 5.2434736e-05 | B59: =((RawData!B36-RawData!B37)*(RawData!B39+A59+RawData!B38-SQRT(POWER(RawData!B39+A59+RawData!B38,2)-(4*RawData!B39*A59)))/(2*RawData!B39))+RawData!B37 -> 844.20209
A60: 4.9836043e-05 | B60: =((RawData!B36-RawData!B37)*(RawData!B39+A60+RawData!B38-SQRT(POWER(RawData!B39+A60+RawData!B38,2)-(4*RawData!B39*A60)))/(2*RawData!B39))+RawData!B37 -> 843.35434
A61: 4.7366143e-05 | B61: =((RawData!B36-RawData!B37)*(RawData!B39+A61+RawData!B38-SQRT(POWER(RawData!B39+A61+RawData!B38,2)-(4*RawData!B39*A61)))/(2*RawData!B39))+RawData!B37 -> 842.5037
A62: 4.5018652e-05 | B62: =((RawData!B36-RawData!B37)*(RawData!B39+A62+RawData!B38-SQRT(POWER(RawData!B39+A62+RawData!B38,2)-(4*RawData!B39*A62)))/(2*RawData!B39))+RawData!B37 -> 841.65125
A63: 4.2787504e-05 | B63: =((RawData!B36-RawData!B37)*(RawData!B39+A63+RawData!B38-SQRT(POWER(RawData!B39+A63+RawData!B38,2)-(4*RawData!B39*A63)))/(2*RawData!B39))+RawData!B37 -> 840.79808
A64: 4.0666933e-05 | B64: =((RawData!B36-RawData!B37)*(RawData!B39+A64+RawData!B38-SQRT(POWER(RawData!B39+A64+RawData!B38,2)-(4*RawData!B39*A64)))/(2*RawData!B39))+RawData!B37 -> 839.94531
A65: 3.8651459e-05 | B65: =((RawData!B36-RawData!B37)*(RawData!B39+A65+RawData!B38-SQRT(POWER(RawData!B39+A65+RawData!B38,2)-(4*RawData!B39*A65)))/(2*RawData!B39))+RawData!B37 -> 839.09404
A66: 3.6735872e-05 | B66: =((RawData!B36-RawData!B37)*(RawData!B39+A66+RawData!B38-SQRT(POWER(RawData!B39+A66+RawData!B38,2)-(4*RawData!B39*A66)))/(2*RawData!B39))+RawData!B37 -> 838.24535
A67: 3.4915223e-05 | B67: =((RawData!B36-RawData!B37)*(RawData!B39+A67+RawData!B38-SQRT(POWER(RawData!B39+A67+RawData!B38,2)-(4*RawData!B39*A67)))/(2*RawData!B39))+RawData!B37 -> 837.40033
A68: 3.3184806e-05 | B68: =((RawData!B36-RawData!B37)*(RawData!B39+A68+RawData!B38-SQRT(POWER(RawData!B39+A68+RawData!B38,2)-(4*RawData!B39*A68)))/(2*RawData!B39))+RawData!B37 -> 836.56004
A69: 3.154015e-05 | B69: =((RawData!B36-RawData!B37)*(RawData!B39+A69+RawData!B38-SQRT(POWER(RawData!B39+A69+RawData!B38,2)-(4*RawData!B39*A69)))/(2*RawData!B39))+RawData!B37 -> 835.72552
A70: 2.9977004e-05 | B70: =((RawData!B36-RawData!B37)*(RawData!B39+A70+RawData!B38-SQRT(POWER(RawData!B39+A70+RawData!B38,2)-(4*RawData!B39*A70)))/(2*RawData!B39))+RawData!B37 -> 834.89778
A71: 2.8491328e-05 | B71: =((RawData!B36-RawData!B37)*(RawData!B39+A71+RawData!B38-SQRT(POWER(RawData!B39+A71+RawData!B38,2)-(4*RawData!B39*A71)))/(2*RawData!B39))+RawData!B37 -> 834.07778
A72: 2.7079283e-05 | B72: =((RawData!B36-RawData!B37)*(RawData!B39+A72+RawData!B38-SQRT(POWER(RawData!B39+A72+RawData!B38,2)-(4*RawData!B39*A72)))/(2*RawData!B39))+RawData!B37 -> 833.26648
A73: 2.5737219e-05 | B73: =((RawData!B36-RawData!B37)*(RawData!B39+A73+RawData!B38-SQRT(POWER(RawData!B39+A73+RawData!B38,2)-(4*RawData!B39*A73)))/(2*RawData!B39))+RawData!B37 -> 832.46475
A74: 2.4461669e-05 | B74: =((RawData!B36-RawData!B37)*(RawData!B39+A74+RawData!B38-SQRT(POWER(RawData!B39+A74+RawData!B38,2)-(4*RawData!B39*A74)))/(2*RawData!B39))+RawData!B37 -> 831.67346
A75: 2.3249336e-05 | B75: =((RawData!B36-RawData!B37)*(RawData!B39+A75+RawData!B38-SQRT(POWER(RawData!B39+A75+RawData!B38,2)-(4*RawData!B39*A75)))/(2*RawData!B39))+RawData!B37 -> 830.8934
A76: 2.2097087e-05 | B76: =((RawData!B36-RawData!B37)*(RawData!B39+A76+RawData!B38-SQRT(POWER(RawData!B39+A76+RawData!B38,2)-(4*RawData!B39*A76)))/(2*RawData!B39))+RawData!B37 -> 830.12532
A77: 2.1001944e-05 | B77: =((RawData!B36-RawData!B37)*(RawData!B39+A77+RawData!B38-SQRT(POWER(RawData!B39+A77+RawData!B38,2)-(4*RawData!B39*A77)))/(2*RawData!B39))+RawData!B37 -> 829.36992
A78: 1.9961076e-05 | B78: =((RawData!B36-RawData!B37)*(RawData!B39+A78+RawData!B38-SQRT(POWER(RawData!B39+A78+RawData!B38,2)-(4*RawData!B39*A78)))/(2*RawData!B39))+RawData!B37 -> 828.62784
A79: 1.8971795e-05 | B79: =((RawData!B36-RawData!B37)*(RawData!B39+A79+RawData!B38-SQRT(POWER(RawData!B39+A79+RawData!B38,2)-(4*RawData!B39*A79)))/(2*RawData!B39))+RawData!B37 -> 827.89966
A80: 1.8031543e-05 | B80: =((RawData!B36-RawData!B37)*(RawData!B39+A80+RawData!B38-SQRT(POWER(RawData!B39+A80+RawData!B38,2)-(4*RawData!B39*A80)))/(2*RawData!B39))+RawData!B37 -> 827.18592
A81: 1.713789e-05 | B81: =((RawData!B36-RawData!B37)*(RawData!B39+A81+RawData!B38-SQRT(POWER(RawData!B39+A81+RawData!B38,2)-(4*RawData!B39*A81)))/(2*RawData!B39))+RawData!B37 -> 826.48707
A82: 1.6288528e-05 | B82: =((RawData!B36-RawData!B37)*(RawData!B39+A82+RawData!B38-SQRT(POWER(RawData!B39+A82+RawData!B38,2)-(4*RawData!B39*A82)))/(2*RawData!B39))+RawData!B37 -> 825.80354
A83: 1.548126e-05 | B83: =((RawData!B36-RawData!B37)*(RawData!B39+A83+RawData!B38-SQRT(POWER(RawData!B39+A83+RawData!B38,2)-(4*RawData!B39*A83)))/(2*RawData!B39))+RawData!B37 -> 825.13568
A84: 1.4714e-05 | B84: =((RawData!B36-RawData!B37)*(RawData!B39+A84+RawData!B38-SQRT(POWER(RawData!B39+A84+RawData!B38,2)-(4*RawData!B39*A84)))/(2*RawData!B39))+RawData!B37 -> 824.4838
A85: 1.3984767e-05 | B85: =((RawData!B36-RawData!B37)*(RawData!B39+A85+RawData!B38-SQRT(POWER(RawData!B39+A85+RawData!B38,2)-(4*RawData!B39*A85)))/(2*RawData!B39))+RawData!B37 -> 823.84813
A86: 1.3291674e-05 | B86: =((RawData!B36-RawData!B37)*(RawData!B39+A86+RawData!B38-SQRT(POWER(RawData!B39+A86+RawData!B38,2)-(4*RawData!B39*A86)))/(2*RawData!B39))+RawData!B37 -> 823.22887
A87: 1.2632932e-05 | B87: =((RawData!B36-RawData!B37)*(RawData!B39+A87+RawData!B38-SQRT(POWER(RawData!B39+A87+RawData!B38,2)-(4*RawData!B39*A87)))/(2*RawData!B39))+RawData!B37 -> 822.62617
A88: 1.2006837e-05 | B88: =((RawData!B36-RawData!B37)*(RawData!B39+A88+RawData!B38-SQRT(POWER(RawData!B39+A88+RawData!B38,2)-(4*RawData!B39*A88)))/(2*RawData!B39))+RawData!B37 -> 822.04012
A89: 1.1411772e-05 | B89: =((RawData!B36-RawData!B37)*(RawData!B39+A89+RawData!B38-SQRT(POWER(RawData!B39+A89+RawData!B38,2)-(4*RawData!B39*A89)))/(2*RawData!B39))+RawData!B37 -> 821.47075
A90: 1.0846199e-05 | B90: =((RawData!B36-RawData!B37)*(RawData!B39+A90+RawData!B38-SQRT(POWER(RawData!B39+A90+RawData!B38,2)-(4*RawData!B39*A90)))/(2*RawData!B39))+RawData!B37 -> 820.91809
A91: 1.0308656e-05 | B91: =((RawData!B36-RawData!B37)*(RawData!B39+A91+RawData!B38-SQRT(POWER(RawData!B39+A91+RawData!B38,2)-(4*RawData!B39*A91)))/(2*RawData!B39))+RawData!B37 -> 820.38207
A92: 9.7977532e-06 | B92: =((RawData!B36-RawData!B37)*(RawData!B39+A92+RawData!B38-SQRT(POWER(RawData!B39+A92+RawData!B38,2)-(4*RawData!B39*A92)))/(2*RawData!B39))+RawData!B37 -> 819.86263
A93: 9.3121714e-06 | B93: =((RawData!B36-RawData!B37)*(RawData!B39+A93+RawData!B38-SQRT(POWER(RawData!B39+A93+RawData!B38,2)-(4*RawData!B39*A93)))/(2*RawData!B39))+RawData!B37 -> 819.35965
A94: 8.8506554e-06 | B94: =((RawData!B36-RawData!B37)*(RawData!B39+A94+RawData!B38-SQRT(POWER(RawData!B39+A94+RawData!B38,2)-(4*RawData!B39*A94)))/(2*RawData!B39))+RawData!B37 -> 818.87298
A95: 8.4120123e-06 | B95: =((RawData!B36-RawData!B37)*(RawData!B39+A95+RawData!B38-SQRT(POWER(RawData!B39+A95+RawData!B38,2)-(4*RawData!B39*A95)))/(2*RawData!B39))+RawData!B37 -> 818.40243
A96: 7.9951085e-06 | B96: =((RawData!B36-RawData!B37)*(RawData!B39+A96+RawData!B38-SQRT(POWER(RawData!B39+A96+RawData!B38,2)-(4*RawData!B39*A96)))/(2*RawData!B39))+RawData!B37 -> 817.94779
A97: 7.5988668e-06 | B97: =((RawData!B36-RawData!B37)*(RawData!B39+A97+RawData!B38-SQRT(POWER(RawData!B39+A97+RawData!B38,2)-(4*RawData!B39*A97)))/(2*RawData!B39))+RawData!B37 -> 817.50883
A98: 7.222263e-06 | B98: =((RawData!B36-RawData!B37)*(RawData!B39+A98+RawData!B38-SQRT(POWER(RawData!B39+A98+RawData!B38,2)-(4*RawData!B39*A98)))/(2*RawData!B39))+RawData!B37 -> 817.0853
A99: 6.8643238e-06 | B99: =((RawData!B36-RawData!B37)*(RawData!B39+A99+RawData!B38-SQRT(POWER(RawData!B39+A99+RawData!B38,2)-(4*RawData!B39*A99)))/(2*RawData!B39))+RawData!B37 -> 816.6769
A100: 6.5241244e-06 | B100: =((RawData!B36-RawData!B37)*(RawData!B39+A100+RawData!B38-SQRT(POWER(RawData!B39+A100+RawData!B38,2)-(4*RawData!B39*A100)))/(2*RawData!B39))+RawData!B37 -> 816.28335
...
