Workbook

Sheet RawData
A1: NanoTemper Technologies | B1: NanoTemper Technologies
A2: MO.Affinity Analysis v2.3 | B2: MO.Affinity Analysis v2.3
A4: Origin of exported data | B4: Origin of exported data
A5: Project Title:
A6: Comment:
A7: Project File Path:
A8: Analysis-Set Name: | B8: Analysis-Set #1
A9: Exported from: | B9: Dose-Response (Grouped)
A10: Exported on: | B10: 45684.282
A12: Analysis Settings | B12: Analysis Settings
A13: Type of Analysis: | B13: MST
A14: Evaluation strategy: | B14: On Time
A15: Cold Region Start: | B15: -1
A16: Cold Region End: | B16: 0
A17: Hot Region Start: | B17: 4
A18: Hot Region End: | B18: 5
A20: Sample Information | B20: Sample Information
A21: Merge-Set Name: | B21: Experiment 1 (#01)
A22: Date of Measurement: | B22: 2025-01-22 10:35:06.196 → 2025-01-22 10:45:14.204
A23: Capillary Type: | B23: Unspecified container/capillary type
A24: Target: | B24: CD1d
A25: TargetConcentration: | B25: 5e-08
A26: Ligand: | B26: LPC
A28: Measurement Settings | B28: Measurement Settings
A29: MST-Power: | B29: Medium
A30: Excitation-Power: | B30: 50
A31: Excitation type: | B31: Nano - RED
A32: Thermostat Setpoint: | B32: 25
A34: Fit Results (Kd) | B34: Fit Results (Kd)
A35: Fit Model: | B35: Kd
A36: Bound | B36: 832.84724
A37: Unbound | B37: 797.22145
A38: Kd | B38: 7.9941068e-06
A39: TargetConc | B39: 5e-08
A40: Standard Deviation: | B40: 4.5005935
A41: Kd Confidence: | B41: 3.3365035e-06
A43: Fit Results (Hill) | B43: Fit Results (Hill)
A44: Fit Model: | B44: Hill
A45: Bound | B45: 828.79809
A46: Unbound | B46: 798.74966
A47: Hill Coeff. | B47: 4.2600259
A48: EC50 | B48: 7.0251436e-06
A49: Standard Deviation: | B49: 1.6464246
A50: EC50 Confidence: | B50: 4.2114019e-07
A52: Dose Response Curve | B52: Dose Response Curve | C52: Dose Response Curve
A53: Ligand Concentration [M] | B53: Fnorm [‰] | C53: Error Value
A54: 0.0002 | B54: 825.04987 | C54: 0
A55: 0.0001 | B55: 828.96983 | C55: 0
A56: 5e-05 | B56: 829.7229 | C56: 0
A57: 2.5e-05 | B57: 831.72106 | C57: 0
A58: 1.25e-05 | B58: 825.94778 | C58: 0
A59: 6.25e-06 | B59: 810.22609 | C59: 0
A60: 3.125e-06 | B60: 799.41829 | C60: 0
A61: 1.5625e-06 | B61: 799.18996 | C61: 0
A62: 7.8125e-07 | B62: 797.30389 | C62: 0
A63: 3.90625e-07 | B63: 798.42873 | C63: 0
A64: 1.953125e-07 | B64: 798.84241 | C64: 0
A65: 9.765625e-08 | B65: 799.40918 | C65: 0
... A69: 6.103516e-09 | B69: 799.31294 | C69: 0

Sheet Graph

Sheet Fit-Values
A1: Dose | B1: FNorm | C1: FNorm
A2: 0.0001866066 | B2: =((RawData!B36-RawData!B37)*(RawData!B39+A2+RawData!B38-SQRT(POWER(RawData!B39+A2+RawData!B38,2)-(4*RawData!B39*A2)))/(2*RawData!B39))+RawData!B37 -> 831.38339 | C2: =RawData!B46 + ((RawData!B45 - RawData!B46) * (1 / (1 + (POWER(RawData!B48 / A2, RawData!B47))))) -> 828.79807
A3: 0.00017411011 | B3: =((RawData!B36-RawData!B37)*(RawData!B39+A3+RawData!B38-SQRT(POWER(RawData!B39+A3+RawData!B38,2)-(4*RawData!B39*A3)))/(2*RawData!B39))+RawData!B37 -> 831.28291 | C3: =RawData!B46 + ((RawData!B45 - RawData!B46) * (1 / (1 + (POWER(RawData!B48 / A3, RawData!B47))))) -> 828.79806
A4: 0.00016245048 | B4: =((RawData!B36-RawData!B37)*(RawData!B39+A4+RawData!B38-SQRT(POWER(RawData!B39+A4+RawData!B38,2)-(4*RawData!B39*A4)))/(2*RawData!B39))+RawData!B37 -> 831.17587 | C4: =RawData!B46 + ((RawData!B45 - RawData!B46) * (1 / (1 + (POWER(RawData!B48 / A4, RawData!B47))))) -> 828.79805
A5: 0.00015157166 | B5: =((RawData!B36-RawData!B37)*(RawData!B39+A5+RawData!B38-SQRT(POWER(RawData!B39+A5+RawData!B38,2)-(4*RawData!B39*A5)))/(2*RawData!B39))+RawData!B37 -> 831.06189 | C5: =RawData!B46 + ((RawData!B45 - RawData!B46) * (1 / (1 + (POWER(RawData!B48 / A5, RawData!B47))))) -> 828.79803
A6: 0.00014142136 | B6: =((RawData!B36-RawData!B37)*(RawData!B39+A6+RawData!B38-SQRT(POWER(RawData!B39+A6+RawData!B38,2)-(4*RawData!B39*A6)))/(2*RawData!B39))+RawData!B37 -> 830.94057 | C6: =RawData!B46 + ((RawData!B45 - RawData!B46) * (1 / (1 + (POWER(RawData!B48 / A6, RawData!B47))))) -> 828.79801
A7: 0.00013195079 | B7: =((RawData!B36-RawData!B37)*(RawData!B39+A7+RawData!B38-SQRT(POWER(RawData!B39+A7+RawData!B38,2)-(4*RawData!B39*A7)))/(2*RawData!B39))+RawData!B37 -> 830.8115 | C7: =RawData!B46 + ((RawData!B45 - RawData!B46) * (1 / (1 + (POWER(RawData!B48 / A7, RawData!B47))))) -> 828.79798
A8: 0.00012311444 | B8: =((RawData!B36-RawData!B37)*(RawData!B39+A8+RawData!B38-SQRT(POWER(RawData!B39+A8+RawData!B38,2)-(4*RawData!B39*A8)))/(2*RawData!B39))+RawData!B37 -> 830.67425 | C8: =RawData!B46 + ((RawData!B45 - RawData!B46) * (1 / (1 + (POWER(RawData!B48 / A8, RawData!B47))))) -> 828.79794
A9: 0.00011486984 | B9: =((RawData!B36-RawData!B37)*(RawData!B39+A9+RawData!B38-SQRT(POWER(RawData!B39+A9+RawData!B38,2)-(4*RawData!B39*A9)))/(2*RawData!B39))+RawData!B37 -> 830.52838 | C9: =RawData!B46 + ((RawData!B45 - RawData!B46) * (1 / (1 + (POWER(RawData!B48 / A9, RawData!B47))))) -> 828.79789
A10: 0.00010717735 | B10: =((RawData!B36-RawData!B37)*(RawData!B39+A10+RawData!B38-SQRT(POWER(RawData!B39+A10+RawData!B38,2)-(4*RawData!B39*A10)))/(2*RawData!B39))+RawData!B37 -> 830.37344 | C10: =RawData!B46 + ((RawData!B45 - RawData!B46) * (1 / (1 + (POWER(RawData!B48 / A10, RawData!B47))))) -> 828.79782
A11: 0.0001 | B11: =((RawData!B36-RawData!B37)*(RawData!B39+A11+RawData!B38-SQRT(POWER(RawData!B39+A11+RawData!B38,2)-(4*RawData!B39*A11)))/(2*RawData!B39))+RawData!B37 -> 830.20897 | C11: =RawData!B46 + ((RawData!B45 - RawData!B46) * (1 / (1 + (POWER(RawData!B48 / A11, RawData!B47))))) -> 828.79773
A12: 9.33033e-05 | B12: =((RawData!B36-RawData!B37)*(RawData!B39+A12+RawData!B38-SQRT(POWER(RawData!B39+A12+RawData!B38,2)-(4*RawData!B39*A12)))/(2*RawData!B39))+RawData!B37 -> 830.03448 | C12: =RawData!B46 + ((RawData!B45 - RawData!B46) * (1 / (1 + (POWER(RawData!B48 / A12, RawData!B47))))) -> 828.7976
A13: 8.7055057e-05 | B13: =((RawData!B36-RawData!B37)*(RawData!B39+A13+RawData!B38-SQRT(POWER(RawData!B39+A13+RawData!B38,2)-(4*RawData!B39*A13)))/(2*RawData!B39))+RawData!B37 -> 829.84949 | C13: =RawData!B46 + ((RawData!B45 - RawData!B46) * (1 / (1 + (POWER(RawData!B48 / A13, RawData!B47))))) -> 828.79743
A14: 8.122524e-05 | B14: =((RawData!B36-RawData!B37)*(RawData!B39+A14+RawData!B38-SQRT(POWER(RawData!B39+A14+RawData!B38,2)-(4*RawData!B39*A14)))/(2*RawData!B39))+RawData!B37 -> 829.65352 | C14: =RawData!B46 + ((RawData!B45 - RawData!B46) * (1 / (1 + (POWER(RawData!B48 / A14, RawData!B47))))) -> 828.7972
A15: 7.5785829e-05 | B15: =((RawData!B36-RawData!B37)*(RawData!B39+A15+RawData!B38-SQRT(POWER(RawData!B39+A15+RawData!B38,2)-(4*RawData!B39*A15)))/(2*RawData!B39))+RawData!B37 -> 829.44607 | C15: =RawData!B46 + ((RawData!B45 - RawData!B46) * (1 / (1 + (POWER(RawData!B48 / A15, RawData!B47))))) -> 828.7969
A16: 7.0710679e-05 | B16: =((RawData!B36-RawData!B37)*(RawData!B39+A16+RawData!B38-SQRT(POWER(RawData!B39+A16+RawData!B38,2)-(4*RawData!B39*A16)))/(2*RawData!B39))+RawData!B37 -> 829.22664 | C16: =RawData!B46 + ((RawData!B45 - RawData!B46) * (1 / (1 + (POWER(RawData!B48 / A16, RawData!B47))))) -> 828.79649
A17: 6.5975396e-05 | B17: =((RawData!B36-RawData!B37)*(RawData!B39+A17+RawData!B38-SQRT(POWER(RawData!B39+A17+RawData!B38,2)-(4*RawData!B39*A17)))/(2*RawData!B39))+RawData!B37 -> 828.99474 | C17: =RawData!B46 + ((RawData!B45 - RawData!B46) * (1 / (1 + (POWER(RawData!B48 / A17, RawData!B47))))) -> 828.79594
A18: 6.1557221e-05 | B18: =((RawData!B36-RawData!B37)*(RawData!B39+A18+RawData!B38-SQRT(POWER(RawData!B39+A18+RawData!B38,2)-(4*RawData!B39*A18)))/(2*RawData!B39))+RawData!B37 -> 828.74987 | C18: =RawData!B46 + ((RawData!B45 - RawData!B46) * (1 / (1 + (POWER(RawData!B48 / A18, RawData!B47))))) -> 828.79519
A19: 5.7434918e-05 | B19: =((RawData!B36-RawData!B37)*(RawData!B39+A19+RawData!B38-SQRT(POWER(RawData!B39+A19+RawData!B38,2)-(4*RawData!B39*A19)))/(2*RawData!B39))+RawData!B37 -> 828.49157 | C19: =RawData!B46 + ((RawData!B45 - RawData!B46) * (1 / (1 + (POWER(RawData!B48 / A19, RawData!B47))))) -> 828.7942
A20: 5.3588674e-05 | B20: =((RawData!B36-RawData!B37)*(RawData!B39+A20+RawData!B38-SQRT(POWER(RawData!B39+A20+RawData!B38,2)-(4*RawData!B39*A20)))/(2*RawData!B39))+RawData!B37 -> 828.21936 | C20: =RawData!B46 + ((RawData!B45 - RawData!B46) * (1 / (1 + (POWER(RawData!B48 / A20, RawData!B47))))) -> 828.79286
A21: 5e-05 | B21: =((RawData!B36-RawData!B37)*(RawData!B39+A21+RawData!B38-SQRT(POWER(RawData!B39+A21+RawData!B38,2)-(4*RawData!B39*A21)))/(2*RawData!B39))+RawData!B37 -> 827.93281 | C21: =RawData!B46 + ((RawData!B45 - RawData!B46) * (1 / (1 + (POWER(RawData!B48 / A21, RawData!B47))))) -> 828.79106
A22: 4.665165e-05 | B22: =((RawData!B36-RawData!B37)*(RawData!B39+A22+RawData!B38-SQRT(POWER(RawData!B39+A22+RawData!B38,2)-(4*RawData!B39*A22)))/(2*RawData!B39))+RawData!B37 -> 827.63149 | C22: =RawData!B46 + ((RawData!B45 - RawData!B46) * (1 / (1 + (POWER(RawData!B48 / A22, RawData!B47))))) -> 828.78865
A23: 4.3527529e-05 | B23: =((RawData!B36-RawData!B37)*(RawData!B39+A23+RawData!B38-SQRT(POWER(RawData!B39+A23+RawData!B38,2)-(4*RawData!B39*A23)))/(2*RawData!B39))+RawData!B37 -> 827.315 | C23: =RawData!B46 + ((RawData!B45 - RawData!B46) * (1 / (1 + (POWER(RawData!B48 / A23, RawData!B47))))) -> 828.78541
A24: 4.061262e-05 | B24: =((RawData!B36-RawData!B37)*(RawData!B39+A24+RawData!B38-SQRT(POWER(RawData!B39+A24+RawData!B38,2)-(4*RawData!B39*A24)))/(2*RawData!B39))+RawData!B37 -> 826.98301 | C24: =RawData!B46 + ((RawData!B45 - RawData!B46) * (1 / (1 + (POWER(RawData!B48 / A24, RawData!B47))))) -> 828.78105
A25: 3.7892915e-05 | B25: =((RawData!B36-RawData!B37)*(RawData!B39+A25+RawData!B38-SQRT(POWER(RawData!B39+A25+RawData!B38,2)-(4*RawData!B39*A25)))/(2*RawData!B39))+RawData!B37 -> 826.63519 | C25: =RawData!B46 + ((RawData!B45 - RawData!B46) * (1 / (1 + (POWER(RawData!B48 / A25, RawData!B47))))) -> 828.77521
A26: 3.5355339e-05 | B26: =((RawData!B36-RawData!B37)*(RawData!B39+A26+RawData!B38-SQRT(POWER(RawData!B39+A26+RawData!B38,2)-(4*RawData!B39*A26)))/(2*RawData!B39))+RawData!B37 -> 826.27128 | C26: =RawData!B46 + ((RawData!B45 - RawData!B46) * (1 / (1 + (POWER(RawData!B48 / A26, RawData!B47))))) -> 828.76735
A27: 3.2987698e-05 | B27: =((RawData!B36-RawData!B37)*(RawData!B39+A27+RawData!B38-SQRT(POWER(RawData!B39+A27+RawData!B38,2)-(4*RawData!B39*A27)))/(2*RawData!B39))+RawData!B37 -> 825.89108 | C27: =RawData!B46 + ((RawData!B45 - RawData!B46) * (1 / (1 + (POWER(RawData!B48 / A27, RawData!B47))))) -> 828.75681
A28: 3.0778611e-05 | B28: =((RawData!B36-RawData!B37)*(RawData!B39+A28+RawData!B38-SQRT(POWER(RawData!B39+A28+RawData!B38,2)-(4*RawData!B39*A28)))/(2*RawData!B39))+RawData!B37 -> 825.49444 | C28: =RawData!B46 + ((RawData!B45 - RawData!B46) * (1 / (1 + (POWER(RawData!B48 / A28, RawData!B47))))) -> 828.74265
A29: 2.8717459e-05 | B29: =((RawData!B36-RawData!B37)*(RawData!B39+A29+RawData!B38-SQRT(POWER(RawData!B39+A29+RawData!B38,2)-(4*RawData!B39*A29)))/(2*RawData!B39))+RawData!B37 -> 825.0813 | C29: =RawData!B46 + ((RawData!B45 - RawData!B46) * (1 / (1 + (POWER(RawData!B48 / A29, RawData!B47))))) -> 828.72366
A30: 2.6794337e-05 | B30: =((RawData!B36-RawData!B37)*(RawData!B39+A30+RawData!B38-SQRT(POWER(RawData!B39+A30+RawData!B38,2)-(4*RawData!B39*A30)))/(2*RawData!B39))+RawData!B37 -> 824.65165 | C30: =RawData!B46 + ((RawData!B45 - RawData!B46) * (1 / (1 + (POWER(RawData!B48 / A30, RawData!B47))))) -> 828.69817
A31: 2.5e-05 | B31: =((RawData!B36-RawData!B37)*(RawData!B39+A31+RawData!B38-SQRT(POWER(RawData!B39+A31+RawData!B38,2)-(4*RawData!B39*A31)))/(2*RawData!B39))+RawData!B37 -> 824.20559 | C31: =RawData!B46 + ((RawData!B45 - RawData!B46) * (1 / (1 + (POWER(RawData!B48 / A31, RawData!B47))))) -> 828.664
A32: 2.3325825e-05 | B32: =((RawData!B36-RawData!B37)*(RawData!B39+A32+RawData!B38-SQRT(POWER(RawData!B39+A32+RawData!B38,2)-(4*RawData!B39*A32)))/(2*RawData!B39))+RawData!B37 -> 823.74329 | C32: =RawData!B46 + ((RawData!B45 - RawData!B46) * (1 / (1 + (POWER(RawData!B48 / A32, RawData!B47))))) -> 828.61822
A33: 2.1763764e-05 | B33: =((RawData!B36-RawData!B37)*(RawData!B39+A33+RawData!B38-SQRT(POWER(RawData!B39+A33+RawData!B38,2)-(4*RawData!B39*A33)))/(2*RawData!B39))+RawData!B37 -> 823.26502 | C33: =RawData!B46 + ((RawData!B45 - RawData!B46) * (1 / (1 + (POWER(RawData!B48 / A33, RawData!B47))))) -> 828.55693
A34: 2.030631e-05 | B34: =((RawData!B36-RawData!B37)*(RawData!B39+A34+RawData!B38-SQRT(POWER(RawData!B39+A34+RawData!B38,2)-(4*RawData!B39*A34)))/(2*RawData!B39))+RawData!B37 -> 822.77115 | C34: =RawData!B46 + ((RawData!B45 - RawData!B46) * (1 / (1 + (POWER(RawData!B48 / A34, RawData!B47))))) -> 828.47498
A35: 1.8946457e-05 | B35: =((RawData!B36-RawData!B37)*(RawData!B39+A35+RawData!B38-SQRT(POWER(RawData!B39+A35+RawData!B38,2)-(4*RawData!B39*A35)))/(2*RawData!B39))+RawData!B37 -> 822.26215 | C35: =RawData!B46 + ((RawData!B45 - RawData!B46) * (1 / (1 + (POWER(RawData!B48 / A35, RawData!B47))))) -> 828.36558
A36: 1.767767e-05 | B36: =((RawData!B36-RawData!B37)*(RawData!B39+A36+RawData!B38-SQRT(POWER(RawData!B39+A36+RawData!B38,2)-(4*RawData!B39*A36)))/(2*RawData!B39))+RawData!B37 -> 821.7386 | C36: =RawData!B46 + ((RawData!B45 - RawData!B46) * (1 / (1 + (POWER(RawData!B48 / A36, RawData!B47))))) -> 828.21987
A37: 1.6493849e-05 | B37: =((RawData!B36-RawData!B37)*(RawData!B39+A37+RawData!B38-SQRT(POWER(RawData!B39+A37+RawData!B38,2)-(4*RawData!B39*A37)))/(2*RawData!B39))+RawData!B37 -> 821.20118 | C37: =RawData!B46 + ((RawData!B45 - RawData!B46) * (1 / (1 + (POWER(RawData!B48 / A37, RawData!B47))))) -> 828.02635
A38: 1.5389305e-05 | B38: =((RawData!B36-RawData!B37)*(RawData!B39+A38+RawData!B38-SQRT(POWER(RawData!B39+A38+RawData!B38,2)-(4*RawData!B39*A38)))/(2*RawData!B39))+RawData!B37 -> 820.65067 | C38: =RawData!B46 + ((RawData!B45 - RawData!B46) * (1 / (1 + (POWER(RawData!B48 / A38, RawData!B47))))) -> 827.77032
A39: 1.435873e-05 | B39: =((RawData!B36-RawData!B37)*(RawData!B39+A39+RawData!B38-SQRT(POWER(RawData!B39+A39+RawData!B38,2)-(4*RawData!B39*A39)))/(2*RawData!B39))+RawData!B37 -> 820.08797 | C39: =RawData!B46 + ((RawData!B45 - RawData!B46) * (1 / (1 + (POWER(RawData!B48 / A39, RawData!B47))))) -> 827.43331
A40: 1.3397168e-05 | B40: =((RawData!B36-RawData!B37)*(RawData!B39+A40+RawData!B38-SQRT(POWER(RawData!B39+A40+RawData!B38,2)-(4*RawData!B39*A40)))/(2*RawData!B39))+RawData!B37 -> 819.51407 | C40: =RawData!B46 + ((RawData!B45 - RawData!B46) * (1 / (1 + (POWER(RawData!B48 / A40, RawData!B47))))) -> 826.99267
A41: 1.25e-05 | B41: =((RawData!B36-RawData!B37)*(RawData!B39+A41+RawData!B38-SQRT(POWER(RawData!B39+A41+RawData!B38,2)-(4*RawData!B39*A41)))/(2*RawData!B39))+RawData!B37 -> 818.93005 | C41: =RawData!B46 + ((RawData!B45 - RawData!B46) * (1 / (1 + (POWER(RawData!B48 / A41, RawData!B47))))) -> 826.42154
A42: 1.1662913e-05 | B42: =((RawData!B36-RawData!B37)*(RawData!B39+A42+RawData!B38-SQRT(POWER(RawData!B39+A42+RawData!B38,2)-(4*RawData!B39*A42)))/(2*RawData!B39))+RawData!B37 -> 818.33709 | C42: =RawData!B46 + ((RawData!B45 - RawData!B46) * (1 / (1 + (POWER(RawData!B48 / A42, RawData!B47))))) -> 825.68964
A43: 1.0881882e-05 | B43: =((RawData!B36-RawData!B37)*(RawData!B39+A43+RawData!B38-SQRT(POWER(RawData!B39+A43+RawData!B38,2)-(4*RawData!B39*A43)))/(2*RawData!B39))+RawData!B37 -> 817.73643 | C43: =RawData!B46 + ((RawData!B45 - RawData!B46) * (1 / (1 + (POWER(RawData!B48 / A43, RawData!B47))))) -> 824.76517
A44: 1.0153155e-05 | B44: =((RawData!B36-RawData!B37)*(RawData!B39+A44+RawData!B38-SQRT(POWER(RawData!B39+A44+RawData!B38,2)-(4*RawData!B39*A44)))/(2*RawData!B39))+RawData!B37 -> 817.12942 | C44: =RawData!B46 + ((RawData!B45 - RawData!B46) * (1 / (1 + (POWER(RawData!B48 / A44, RawData!B47))))) -> 823.61863
A45: 9.4732287e-06 | B45: =((RawData!B36-RawData!B37)*(RawData!B39+A45+RawData!B38-SQRT(POWER(RawData!B39+A45+RawData!B38,2)-(4*RawData!B39*A45)))/(2*RawData!B39))+RawData!B37 -> 816.51741 | C45: =RawData!B46 + ((RawData!B45 - RawData!B46) * (1 / (1 + (POWER(RawData!B48 / A45, RawData!B47))))) -> 822.22845
A46: 8.8388349e-06 | B46: =((RawData!B36-RawData!B37)*(RawData!B39+A46+RawData!B38-SQRT(POWER(RawData!B39+A46+RawData!B38,2)-(4*RawData!B39*A46)))/(2*RawData!B39))+RawData!B37 -> 815.90186 | C46: =RawData!B46 + ((RawData!B45 - RawData!B46) * (1 / (1 + (POWER(RawData!B48 / A46, RawData!B47))))) -> 820.58831
A47: 8.2469246e-06 | B47: =((RawData!B36-RawData!B37)*(RawData!B39+A47+RawData!B38-SQRT(POWER(RawData!B39+A47+RawData!B38,2)-(4*RawData!B39*A47)))/(2*RawData!B39))+RawData!B37 -> 815.28422 | C47: =RawData!B46 + ((RawData!B45 - RawData!B46) * (1 / (1 + (POWER(RawData!B48 / A47, RawData!B47))))) -> 818.71456
A48: 7.6946527e-06 | B48: =((RawData!B36-RawData!B37)*(RawData!B39+A48+RawData!B38-SQRT(POWER(RawData!B39+A48+RawData!B38,2)-(4*RawData!B39*A48)))/(2*RawData!B39))+RawData!B37 -> 814.66598 | C48: =RawData!B46 + ((RawData!B45 - RawData!B46) * (1 / (1 + (POWER(RawData!B48 / A48, RawData!B47))))) -> 816.65103
A49: 7.1793649e-06 | B49: =((RawData!B36-RawData!B37)*(RawData!B39+A49+RawData!B38-SQRT(POWER(RawData!B39+A49+RawData!B38,2)-(4*RawData!B39*A49)))/(2*RawData!B39))+RawData!B37 -> 814.04862 | C49: =RawData!B46 + ((RawData!B45 - RawData!B46) * (1 / (1 + (POWER(RawData!B48 / A49, RawData!B47))))) -> 814.46831
A50: 6.6985843e-06 | B50: =((RawData!B36-RawData!B37)*(RawData!B39+A50+RawData!B38-SQRT(POWER(RawData!B39+A50+RawData!B38,2)-(4*RawData!B39*A50)))/(2*RawData!B39))+RawData!B37 -> 813.43364 | C50: =RawData!B46 + ((RawData!B45 - RawData!B46) * (1 / (1 + (POWER(RawData!B48 / A50, RawData!B47))))) -> 812.25581
A51: 6.2500001e-06 | B51: =((RawData!B36-RawData!B37)*(RawData!B39+A51+RawData!B38-SQRT(POWER(RawData!B39+A51+RawData!B38,2)-(4*RawData!B39*A51)))/(2*RawData!B39))+RawData!B37 -> 812.82248 | C51: =RawData!B46 + ((RawData!B45 - RawData!B46) * (1 / (1 + (POWER(RawData!B48 / A51, RawData!B47))))) -> 810.10789
A52: 5.8314563e-06 | B52: =((RawData!B36-RawData!B37)*(RawData!B39+A52+RawData!B38-SQRT(POWER(RawData!B39+A52+RawData!B38,2)-(4*RawData!B39*A52)))/(2*RawData!B39))+RawData!B37 -> 812.21658 | C52: =RawData!B46 + ((RawData!B45 - RawData!B46) * (1 / (1 + (POWER(RawData!B48 / A52, RawData!B47))))) -> 808.1083
A53: 5.4409411e-06 | B53: =((RawData!B36-RawData!B37)*(RawData!B39+A53+RawData!B38-SQRT(POWER(RawData!B39+A53+RawData!B38,2)-(4*RawData!B39*A53)))/(2*RawData!B39))+RawData!B37 -> 811.6173 | C53: =RawData!B46 + ((RawData!B45 - RawData!B46) * (1 / (1 + (POWER(RawData!B48 / A53, RawData!B47))))) -> 806.31819
A54: 5.0765776e-06 | B54: =((RawData!B36-RawData!B37)*(RawData!B39+A54+RawData!B38-SQRT(POWER(RawData!B39+A54+RawData!B38,2)-(4*RawData!B39*A54)))/(2*RawData!B39))+RawData!B37 -> 811.02596 | C54: =RawData!B46 + ((RawData!B45 - RawData!B46) * (1 / (1 + (POWER(RawData!B48 / A54, RawData!B47))))) -> 804.77084
A55: 4.7366144e-06 | B55: =((RawData!B36-RawData!B37)*(RawData!B39+A55+RawData!B38-SQRT(POWER(RawData!B39+A55+RawData!B38,2)-(4*RawData!B39*A55)))/(2*RawData!B39))+RawData!B37 -> 810.44379 | C55: =RawData!B46 + ((RawData!B45 - RawData!B46) * (1 / (1 + (POWER(RawData!B48 / A55, RawData!B47))))) -> 803.47337
A56: 4.4194175e-06 | B56: =((RawData!B36-RawData!B37)*(RawData!B39+A56+RawData!B38-SQRT(POWER(RawData!B39+A56+RawData!B38,2)-(4*RawData!B39*A56)))/(2*RawData!B39))+RawData!B37 -> 809.87195 | C56: =RawData!B46 + ((RawData!B45 - RawData!B46) * (1 / (1 + (POWER(RawData!B48 / A56, RawData!B47))))) -> 802.41285
A57: 4.1234623e-06 | B57: =((RawData!B36-RawData!B37)*(RawData!B39+A57+RawData!B38-SQRT(POWER(RawData!B39+A57+RawData!B38,2)-(4*RawData!B39*A57)))/(2*RawData!B39))+RawData!B37 -> 809.31152 | C57: =RawData!B46 + ((RawData!B45 - RawData!B46) * (1 / (1 + (POWER(RawData!B48 / A57, RawData!B47))))) -> 801.56397
A58: 3.8473264e-06 | B58: =((RawData!B36-RawData!B37)*(RawData!B39+A58+RawData!B38-SQRT(POWER(RawData!B39+A58+RawData!B38,2)-(4*RawData!B39*A58)))/(2*RawData!B39))+RawData!B37 -> 808.76346 | C58: =RawData!B46 + ((RawData!B45 - RawData!B46) * (1 / (1 + (POWER(RawData!B48 / A58, RawData!B47))))) -> 800.89581
A59: 3.5896824e-06 | B59: =((RawData!B36-RawData!B37)*(RawData!B39+A59+RawData!B38-SQRT(POWER(RawData!B39+A59+RawData!B38,2)-(4*RawData!B39*A59)))/(2*RawData!B39))+RawData!B37 -> 808.22864 | C59: =RawData!B46 + ((RawData!B45 - RawData!B46) * (1 / (1 + (POWER(RawData!B48 / A59, RawData!B47))))) -> 800.3768
A60: 3.3492922e-06 | B60: =((RawData!B36-RawData!B37)*(RawData!B39+A60+RawData!B38-SQRT(POWER(RawData!B39+A60+RawData!B38,2)-(4*RawData!B39*A60)))/(2*RawData!B39))+RawData!B37 -> 807.70783 | C60: =RawData!B46 + ((RawData!B45 - RawData!B46) * (1 / (1 + (POWER(RawData!B48 / A60, RawData!B47))))) -> 799.97778
A61: 3.1250001e-06 | B61: =((RawData!B36-RawData!B37)*(RawData!B39+A61+RawData!B38-SQRT(POWER(RawData!B39+A61+RawData!B38,2)-(4*RawData!B39*A61)))/(2*RawData!B39))+RawData!B37 -> 807.20169 | C61: =RawData!B46 + ((RawData!B45 - RawData!B46) * (1 / (1 + (POWER(RawData!B48 / A61, RawData!B47))))) -> 799.67343
A62: 2.9157282e-06 | B62: =((RawData!B36-RawData!B37)*(RawData!B39+A62+RawData!B38-SQRT(POWER(RawData!B39+A62+RawData!B38,2)-(4*RawData!B39*A62)))/(2*RawData!B39))+RawData!B37 -> 806.71078 | C62: =RawData!B46 + ((RawData!B45 - RawData!B46) * (1 / (1 + (POWER(RawData!B48 / A62, RawData!B47))))) -> 799.44269
A63: 2.7204706e-06 | B63: =((RawData!B36-RawData!B37)*(RawData!B39+A63+RawData!B38-SQRT(POWER(RawData!B39+A63+RawData!B38,2)-(4*RawData!B39*A63)))/(2*RawData!B39))+RawData!B37 -> 806.23555 | C63: =RawData!B46 + ((RawData!B45 - RawData!B46) * (1 / (1 + (POWER(RawData!B48 / A63, RawData!B47))))) -> 799.26855
A64: 2.5382888e-06 | B64: =((RawData!B36-RawData!B37)*(RawData!B39+A64+RawData!B38-SQRT(POWER(RawData!B39+A64+RawData!B38,2)-(4*RawData!B39*A64)))/(2*RawData!B39))+RawData!B37 -> 805.77634 | C64: =RawData!B46 + ((RawData!B45 - RawData!B46) * (1 / (1 + (POWER(RawData!B48 / A64, RawData!B47))))) -> 799.1376
A65: 2.3683072e-06 | B65: =((RawData!B36-RawData!B37)*(RawData!B39+A65+RawData!B38-SQRT(POWER(RawData!B39+A65+RawData!B38,2)-(4*RawData!B39*A65)))/(2*RawData!B39))+RawData!B37 -> 805.33342 | C65: =RawData!B46 + ((RawData!B45 - RawData!B46) * (1 / (1 + (POWER(RawData!B48 / A65, RawData!B47))))) -> 799.03937
A66: 2.2097088e-06 | B66: =((RawData!B36-RawData!B37)*(RawData!B39+A66+RawData!B38-SQRT(POWER(RawData!B39+A66+RawData!B38,2)-(4*RawData!B39*A66)))/(2*RawData!B39))+RawData!B37 -> 804.90693 | C66: =RawData!B46 + ((RawData!B45 - RawData!B46) * (1 / (1 + (POWER(RawData!B48 / A66, RawData!B47))))) -> 798.96583
A67: 2.0617312e-06 | B67: =((RawData!B36-RawData!B37)*(RawData!B39+A67+RawData!B38-SQRT(POWER(RawData!B39+A67+RawData!B38,2)-(4*RawData!B39*A67)))/(2*RawData!B39))+RawData!B37 -> 804.49696 | C67: =RawData!B46 + ((RawData!B45 - RawData!B46) * (1 / (1 + (POWER(RawData!B48 / A67, RawData!B47))))) -> 798.91085
A68: 1.9236632e-06 | B68: =((RawData!B36-RawData!B37)*(RawData!B39+A68+RawData!B38-SQRT(POWER(RawData!B39+A68+RawData!B38,2)-(4*RawData!B39*A68)))/(2*RawData!B39))+RawData!B37 -> 804.10348 | C68: =RawData!B46 + ((RawData!B45 - RawData!B46) * (1 / (1 + (POWER(RawData!B48 / A68, RawData!B47))))) -> 798.86981
A69: 1.7948412e-06 | B69: =((RawData!B36-RawData!B37)*(RawData!B39+A69+RawData!B38-SQRT(POWER(RawData!B39+A69+RawData!B38,2)-(4*RawData!B39*A69)))/(2*RawData!B39))+RawData!B37 -> 803.72642 | C69: =RawData!B46 + ((RawData!B45 - RawData!B46) * (1 / (1 + (POWER(RawData!B48 / A69, RawData!B47))))) -> 798.83918
A70: 1.6746461e-06 | B70: =((RawData!B36-RawData!B37)*(RawData!B39+A70+RawData!B38-SQRT(POWER(RawData!B39+A70+RawData!B38,2)-(4*RawData!B39*A70)))/(2*RawData!B39))+RawData!B37 -> 803.36561 | C70: =RawData!B46 + ((RawData!B45 - RawData!B46) * (1 / (1 + (POWER(RawData!B48 / A70, RawData!B47))))) -> 798.81634
A71: 1.5625e-06 | B71: =((RawData!B36-RawData!B37)*(RawData!B39+A71+RawData!B38-SQRT(POWER(RawData!B39+A71+RawData!B38,2)-(4*RawData!B39*A71)))/(2*RawData!B39))+RawData!B37 -> 803.02085 | C71: =RawData!B46 + ((RawData!B45 - RawData!B46) * (1 / (1 + (POWER(RawData!B48 / A71, RawData!B47))))) -> 798.79932
A72: 1.4578641e-06 | B72: =((RawData!B36-RawData!B37)*(RawData!B39+A72+RawData!B38-SQRT(POWER(RawData!B39+A72+RawData!B38,2)-(4*RawData!B39*A72)))/(2*RawData!B39))+RawData!B37 -> 802.69185 | C72: =RawData!B46 + ((RawData!B45 - RawData!B46) * (1 / (1 + (POWER(RawData!B48 / A72, RawData!B47))))) -> 798.78664
A73: 1.3602353e-06 | B73: =((RawData!B36-RawData!B37)*(RawData!B39+A73+RawData!B38-SQRT(POWER(RawData!B39+A73+RawData!B38,2)-(4*RawData!B39*A73)))/(2*RawData!B39))+RawData!B37 -> 802.3783 | C73: =RawData!B46 + ((RawData!B45 - RawData!B46) * (1 / (1 + (POWER(RawData!B48 / A73, RawData!B47))))) -> 798.77719
A74: 1.2691444e-06 | B74: =((RawData!B36-RawData!B37)*(RawData!B39+A74+RawData!B38-SQRT(POWER(RawData!B39+A74+RawData!B38,2)-(4*RawData!B39*A74)))/(2*RawData!B39))+RawData!B37 -> 802.07984 | C74: =RawData!B46 + ((RawData!B45 - RawData!B46) * (1 / (1 + (POWER(RawData!B48 / A74, RawData!B47))))) -> 798.77016
A75: 1.1841536e-06 | B75: =((RawData!B36-RawData!B37)*(RawData!B39+A75+RawData!B38-SQRT(POWER(RawData!B39+A75+RawData!B38,2)-(4*RawData!B39*A75)))/(2*RawData!B39))+RawData!B37 -> 801.79607 | C75: =RawData!B46 + ((RawData!B45 - RawData!B46) * (1 / (1 + (POWER(RawData!B48 / A75, RawData!B47))))) -> 798.76492
A76: 1.1048544e-06 | B76: =((RawData!B36-RawData!B37)*(RawData!B39+A76+RawData!B38-SQRT(POWER(RawData!B39+A76+RawData!B38,2)-(4*RawData!B39*A76)))/(2*RawData!B39))+RawData!B37 -> 801.52657 | C76: =RawData!B46 + ((RawData!B45 - RawData!B46) * (1 / (1 + (POWER(RawData!B48 / A76, RawData!B47))))) -> 798.76102
A77: 1.0308656e-06 | B77: =((RawData!B36-RawData!B37)*(RawData!B39+A77+RawData!B38-SQRT(POWER(RawData!B39+A77+RawData!B38,2)-(4*RawData!B39*A77)))/(2*RawData!B39))+RawData!B37 -> 801.27088 | C77: =RawData!B46 + ((RawData!B45 - RawData!B46) * (1 / (1 + (POWER(RawData!B48 / A77, RawData!B47))))) -> 798.75812
A78: 9.618316e-07 | B78: =((RawData!B36-RawData!B37)*(RawData!B39+A78+RawData!B38-SQRT(POWER(RawData!B39+A78+RawData!B38,2)-(4*RawData!B39*A78)))/(2*RawData!B39))+RawData!B37 -> 801.02853 | C78: =RawData!B46 + ((RawData!B45 - RawData!B46) * (1 / (1 + (POWER(RawData!B48 / A78, RawData!B47))))) -> 798.75595
A79: 8.9742062e-07 | B79: =((RawData!B36-RawData!B37)*(RawData!B39+A79+RawData!B38-SQRT(POWER(RawData!B39+A79+RawData!B38,2)-(4*RawData!B39*A79)))/(2*RawData!B39))+RawData!B37 -> 800.79906 | C79: =RawData!B46 + ((RawData!B45 - RawData!B46) * (1 / (1 + (POWER(RawData!B48 / A79, RawData!B47))))) -> 798.75435
A80: 8.3732304e-07 | B80: =((RawData!B36-RawData!B37)*(RawData!B39+A80+RawData!B38-SQRT(POWER(RawData!B39+A80+RawData!B38,2)-(4*RawData!B39*A80)))/(2*RawData!B39))+RawData!B37 -> 800.58196 | C80: =RawData!B46 + ((RawData!B45 - RawData!B46) * (1 / (1 + (POWER(RawData!B48 / A80, RawData!B47))))) -> 798.75315
A81: 7.8125003e-07 | B81: =((RawData!B36-RawData!B37)*(RawData!B39+A81+RawData!B38-SQRT(POWER(RawData!B39+A81+RawData!B38,2)-(4*RawData!B39*A81)))/(2*RawData!B39))+RawData!B37 -> 800.37675 | C81: =RawData!B46 + ((RawData!B45 - RawData!B46) * (1 / (1 + (POWER(RawData!B48 / A81, RawData!B47))))) -> 798.75226
A82: 7.2893205e-07 | B82: =((RawData!B36-RawData!B37)*(RawData!B39+A82+RawData!B38-SQRT(POWER(RawData!B39+A82+RawData!B38,2)-(4*RawData!B39*A82)))/(2*RawData!B39))+RawData!B37 -> 800.18292 | C82: =RawData!B46 + ((RawData!B45 - RawData!B46) * (1 / (1 + (POWER(RawData!B48 / A82, RawData!B47))))) -> 798.75159
A83: 6.8011765e-07 | B83: =((RawData!B36-RawData!B37)*(RawData!B39+A83+RawData!B38-SQRT(POWER(RawData!B39+A83+RawData!B38,2)-(4*RawData!B39*A83)))/(2*RawData!B39))+RawData!B37 -> 799.99999 | C83: =RawData!B46 + ((RawData!B45 - RawData!B46) * (1 / (1 + (POWER(RawData!B48 / A83, RawData!B47))))) -> 798.7511
A84: 6.3457221e-07 | B84: =((RawData!B36-RawData!B37)*(RawData!B39+A84+RawData!B38-SQRT(POWER(RawData!B39+A84+RawData!B38,2)-(4*RawData!B39*A84)))/(2*RawData!B39))+RawData!B37 -> 799.82745 | C84: =RawData!B46 + ((RawData!B45 - RawData!B46) * (1 / (1 + (POWER(RawData!B48 / A84, RawData!B47))))) -> 798.75073
A85: 5.920768e-07 | B85: =((RawData!B36-RawData!B37)*(RawData!B39+A85+RawData!B38-SQRT(POWER(RawData!B39+A85+RawData!B38,2)-(4*RawData!B39*A85)))/(2*RawData!B39))+RawData!B37 -> 799.66484 | C85: =RawData!B46 + ((RawData!B45 - RawData!B46) * (1 / (1 + (POWER(RawData!B48 / A85, RawData!B47))))) -> 798.75046
A86: 5.5242719e-07 | B86: =((RawData!B36-RawData!B37)*(RawData!B39+A86+RawData!B38-SQRT(POWER(RawData!B39+A86+RawData!B38,2)-(4*RawData!B39*A86)))/(2*RawData!B39))+RawData!B37 -> 799.51168 | C86: =RawData!B46 + ((RawData!B45 - RawData!B46) * (1 / (1 + (POWER(RawData!B48 / A86, RawData!B47))))) -> 798.75025
A87: 5.154328e-07 | B87: =((RawData!B36-RawData!B37)*(RawData!B39+A87+RawData!B38-SQRT(POWER(RawData!B39+A87+RawData!B38,2)-(4*RawData!B39*A87)))/(2*RawData!B39))+RawData!B37 -> 799.3675 | C87: =RawData!B46 + ((RawData!B45 - RawData!B46) * (1 / (1 + (POWER(RawData!B48 / A87, RawData!B47))))) -> 798.7501
A88: 4.809158e-07 | B88: =((RawData!B36-RawData!B37)*(RawData!B39+A88+RawData!B38-SQRT(POWER(RawData!B39+A88+RawData!B38,2)-(4*RawData!B39*A88)))/(2*RawData!B39))+RawData!B37 -> 799.23185 | C88: =RawData!B46 + ((RawData!B45 - RawData!B46) * (1 / (1 + (POWER(RawData!B48 / A88, RawData!B47))))) -> 798.74999
A89: 4.4871031e-07 | B89: =((RawData!B36-RawData!B37)*(RawData!B39+A89+RawData!B38-SQRT(POWER(RawData!B39+A89+RawData!B38,2)-(4*RawData!B39*A89)))/(2*RawData!B39))+RawData!B37 -> 799.10429 | C89: =RawData!B46 + ((RawData!B45 - RawData!B46) * (1 / (1 + (POWER(RawData!B48 / A89, RawData!B47))))) -> 798.74991
A90: 4.1866152e-07 | B90: =((RawData!B36-RawData!B37)*(RawData!B39+A90+RawData!B38-SQRT(POWER(RawData!B39+A90+RawData!B38,2)-(4*RawData!B39*A90)))/(2*RawData!B39))+RawData!B37 -> 798.98441 | C90: =RawData!B46 + ((RawData!B45 - RawData!B46) * (1 / (1 + (POWER(RawData!B48 / A90, RawData!B47))))) -> 798.74984
A91: 3.9062501e-07 | B91: =((RawData!B36-RawData!B37)*(RawData!B39+A91+RawData!B38-SQRT(POWER(RawData!B39+A91+RawData!B38,2)-(4*RawData!B39*A91)))/(2*RawData!B39))+RawData!B37 -> 798.87179 | C91: =RawData!B46 + ((RawData!B45 - RawData!B46) * (1 / (1 + (POWER(RawData!B48 / A91, RawData!B47))))) -> 798.7498
A92: 3.6446603e-07 | B92: =((RawData!B36-RawData!B37)*(RawData!B39+A92+RawData!B38-SQRT(POWER(RawData!B39+A92+RawData!B38,2)-(4*RawData!B39*A92)))/(2*RawData!B39))+RawData!B37 -> 798.76603 | C92: =RawData!B46 + ((RawData!B45 - RawData!B46) * (1 / (1 + (POWER(RawData!B48 / A92, RawData!B47))))) -> 798.74976
A93: 3.4005883e-07 | B93: =((RawData!B36-RawData!B37)*(RawData!B39+A93+RawData!B38-SQRT(POWER(RawData!B39+A93+RawData!B38,2)-(4*RawData!B39*A93)))/(2*RawData!B39))+RawData!B37 -> 798.66677 | C93: =RawData!B46 + ((RawData!B45 - RawData!B46) * (1 / (1 + (POWER(RawData!B48 / A93, RawData!B47))))) -> 798.74974
A94: 3.172861e-07 | B94: =((RawData!B36-RawData!B37)*(RawData!B39+A94+RawData!B38-SQRT(POWER(RawData!B39+A94+RawData!B38,2)-(4*RawData!B39*A94)))/(2*RawData!B39))+RawData!B37 -> 798.57363 | C94: =RawData!B46 + ((RawData!B45 - RawData!B46) * (1 / (1 + (POWER(RawData!B48 / A94, RawData!B47))))) -> 798.74972
A95: 2.960384e-07 | B95: =((RawData!B36-RawData!B37)*(RawData!B39+A95+RawData!B38-SQRT(POWER(RawData!B39+A95+RawData!B38,2)-(4*RawData!B39*A95)))/(2*RawData!B39))+RawData!B37 -> 798.48628 | C95: =RawData!B46 + ((RawData!B45 - RawData!B46) * (1 / (1 + (POWER(RawData!B48 / A95, RawData!B47))))) -> 798.7497
A96: 2.762136e-07 | B96: =((RawData!B36-RawData!B37)*(RawData!B39+A96+RawData!B38-SQRT(POWER(RawData!B39+A96+RawData!B38,2)-(4*RawData!B39*A96)))/(2*RawData!B39))+RawData!B37 -> 798.40437 | C96: =RawData!B46 + ((RawData!B45 - RawData!B46) * (1 / (1 + (POWER(RawData!B48 / A96, RawData!B47))))) -> 798.74969
A97: 2.577164e-07 | B97: =((RawData!B36-RawData!B37)*(RawData!B39+A97+RawData!B38-SQRT(POWER(RawData!B39+A97+RawData!B38,2)-(4*RawData!B39*A97)))/(2*RawData!B39))+RawData!B37 -> 798.3276 | C97: =RawData!B46 + ((RawData!B45 - RawData!B46) * (1 / (1 + (POWER(RawData!B48 / A97, RawData!B47))))) -> 798.74968
A98: 2.404579e-07 | B98: =((RawData!B36-RawData!B37)*(RawData!B39+A98+RawData!B38-SQRT(POWER(RawData!B39+A98+RawData!B38,2)-(4*RawData!B39*A98)))/(2*RawData!B39))+RawData!B37 -> 798.25566 | C98: =RawData!B46 + ((RawData!B45 - RawData!B46) * (1 / (1 + (POWER(RawData!B48 / A98, RawData!B47))))) -> 798.74968
A99: 2.2435516e-07 | B99: =((RawData!B36-RawData!B37)*(RawData!B39+A99+RawData!B38-SQRT(POWER(RawData!B39+A99+RawData!B38,2)-(4*RawData!B39*A99)))/(2*RawData!B39))+RawData!B37 -> 798.18827 | C99: =RawData!B46 + ((RawData!B45 - RawData!B46) * (1 / (1 + (POWER(RawData!B48 / A99, RawData!B47))))) -> 798.74967
A100: 2.0933076e-07 | B100: =((RawData!B36-RawData!B37)*(RawData!B39+A100+RawData!B38-SQRT(POWER(RawData!B39+A100+RawData!B38,2)-(4*RawData!B39*A100)))/(2*RawData!B39))+RawData!B37 -> 798.12516 | C100: =RawData!B46 + ((RawData!B45 - RawData!B46) * (1 / (1 + (POWER(RawData!B48 / A100, RawData!B47))))) -> 798.74967
...
