Workbook

Sheet RawData
A1: NanoTemper Technologies | B1: NanoTemper Technologies
A2: MO.Affinity Analysis v2.3 | B2: MO.Affinity Analysis v2.3
A4: Origin of exported data | B4: Origin of exported data
A5: Project Title:
A6: Comment:
A7: Project File Path:
A8: Analysis-Set Name: | B8: Analysis-Set #17
A9: Exported from: | B9: Dose-Response (Grouped)
A10: Exported on: | B10: 45661.593
A12: Analysis Settings | B12: Analysis Settings
A13: Type of Analysis: | B13: MST
A14: Evaluation strategy: | B14: On Time
A15: Cold Region Start: | B15: -1
A16: Cold Region End: | B16: 0
A17: Hot Region Start: | B17: 4
A18: Hot Region End: | B18: 5
A20: Sample Information | B20: Sample Information | E20: Sample Information | F20: Sample Information | I20: Sample Information | J20: Sample Information
A21: Merge-Set Name: | B21: Experiment 1 (#01) | E21: Merge-Set Name: | F21: Experiment 2 (#02) | I21: Merge-Set Name: | J21: Experiment 3 (#03)
A22: Date of Measurement: | B22: 2025-01-03 08:39:48.116 → 2025-01-03 08:49:56.091 | E22: Date of Measurement: | F22: 2025-01-03 09:04:26.189 → 2025-01-03 09:14:34.266 | I22: Date of Measurement: | J22: 2025-01-03 09:28:35.7 → 2025-01-03 09:38:43.612
A23: Capillary Type: | B23: Unspecified container/capillary type | E23: Capillary Type: | F23: Unspecified container/capillary type | I23: Capillary Type: | J23: Unspecified container/capillary type
A24: Target: | B24: CD1d | E24: Target: | F24: CD1d | I24: Target: | J24: CD1d
A25: TargetConcentration: | B25: 1e-07 | E25: TargetConcentration: | F25: 1e-07 | I25: TargetConcentration: | J25: 1e-07
A26: Ligand: | B26: Tyloxapol | E26: Ligand: | F26: Tyloxapol | I26: Ligand: | J26: Tyloxapol
A28: Measurement Settings | B28: Measurement Settings | E28: Measurement Settings | F28: Measurement Settings | I28: Measurement Settings | J28: Measurement Settings
A29: MST-Power: | B29: Medium | E29: MST-Power: | F29: Medium | I29: MST-Power: | J29: Medium
A30: Excitation-Power: | B30: 30 | E30: Excitation-Power: | F30: 30 | I30: Excitation-Power: | J30: 30
A31: Excitation type: | B31: Nano - RED | E31: Excitation type: | F31: Nano - RED | I31: Excitation type: | J31: Nano - RED
A32: Thermostat Setpoint: | B32: 25 | E32: Thermostat Setpoint: | F32: 25 | I32: Thermostat Setpoint: | J32: 25
A34: Fit Results (Kd) | B34: Fit Results (Kd) | E34: Fit Results (Kd) | F34: Fit Results (Kd) | I34: Fit Results (Kd) | J34: Fit Results (Kd)
A35: Fit Model: | B35: Kd | E35: Fit Model: | F35: Kd | I35: Fit Model: | J35: Kd
A36: Bound | B36: 803.99853 | E36: Bound | F36: 808.46214 | I36: Bound | J36: 809.82308
A37: Unbound | B37: 788.24069 | E37: Unbound | F37: 788.63101 | I37: Unbound | J37: 790.69095
A38: Kd | B38: 1.0203015e-06 | E38: Kd | F38: 6.9472265e-07 | I38: Kd | J38: 6.5508543e-07
A39: TargetConc | B39: 1e-07 | E39: TargetConc | F39: 1e-07 | I39: TargetConc | J39: 1e-07
A40: Standard Deviation: | B40: 1.3577563 | E40: Standard Deviation: | F40: 1.3980065 | I40: Standard Deviation: | J40: 1.8579443
A41: Kd Confidence: | B41: 2.8505832e-07 | E41: Kd Confidence: | F41: 1.6536087e-07 | I41: Kd Confidence: | J41: 2.1631118e-07
A43: Dose Response Curve | B43: Dose Response Curve | C43: Dose Response Curve | E43: Dose Response Curve | F43: Dose Response Curve | G43: Dose Response Curve | I43: Dose Response Curve | J43: Dose Response Curve | K43: Dose Response Curve
A44: Ligand Concentration [M] | B44: Fnorm [‰] | C44: Error Value | E44: Ligand Concentration [M] | F44: Fnorm [‰] | G44: Error Value | I44: Ligand Concentration [M] | J44: Fnorm [‰] | K44: Error Value
A45: 0.001 | B45: 804.92814 | C45: 0 | E45: 0.001 | F45: 807.69035 | G45: 0 | I45: 0.001 | J45: 809.09303 | K45: 0
A46: 0.0005 | B46: 803.23628 | C46: 0 | E46: 0.0005 | F46: 807.22552 | G46: 0 | I46: 0.0005 | J46: 808.71865 | K46: 0
A47: 0.00025 | B47: 803.4462 | C47: 0 | E47: 0.00025 | F47: 808.16312 | G47: 0 | I47: 0.00025 | J47: 808.58436 | K47: 0
A48: 0.000125 | B48: 802.12901 | C48: 0 | E48: 0.000125 | F48: 807.58516 | G48: 0 | I48: 0.000125 | J48: 809.03161 | K48: 0
A49: 6.25e-05 | B49: 803.48825 | C49: 0 | E49: 6.25e-05 | F49: 807.29559 | G49: 0 | I49: 6.25e-05 | J49: 810.34575 | K49: 0
A50: 3.125e-05 | B50: 803.04811 | C50: 0 | E50: 3.125e-05 | F50: 809.19721 | G50: 0 | I50: 3.125e-05 | J50: 809.19604 | K50: 0
A51: 1.5625e-05 | B51: 804.66063 | C51: 0 | E51: 1.5625e-05 | F51: 807.95824 | G51: 0 | I51: 1.5625e-05 | J51: 808.86569 | K51: 0
A52: 7.8125e-06 | B52: 803.84719 | C52: 0 | E52: 7.8125e-06 | F52: 808.25102 | G52: 0 | I52: 7.8125e-06 | J52: 810.42058 | K52: 0
A53: 3.90625e-06 | B53: 800.16461 | C53: 0 | E53: 3.90625e-06 | F53: 807.42351 | G53: 0 | I53: 3.90625e-06 | J53: 808.19543 | K53: 0
A54: 1.953125e-06 | B54: 799.66654 | C54: 0 | E54: 1.953125e-06 | F54: 802.67468 | G54: 0 | I54: 1.953125e-06 | J54: 807.47017 | K54: 0
A55: 9.765625e-07 | B55: 794.53471 | C55: 0 | E55: 9.765625e-07 | F55: 800.78487 | G55: 0 | I55: 9.765625e-07 | J55: 799.8678 | K55: 0
A56: 4.8828125e-07 | B56: 793.86992 | C56: 0 | E56: 4.8828125e-07 | F56: 796.1229 | G56: 0 | I56: 4.8828125e-07 | J56: 800.0368 | K56: 0
... A60: 3.0517578e-08 | B60: 791.03174 | C60: 0 | E60: 3.0517578e-08 | F60: 791.81999 | G60: 0 | I60: 3.0517578e-08 | J60: 793.9171 | K60: 0

Sheet Graph

Sheet Fit-Values
A1: Dose | B1: FNorm | E1: Dose | F1: FNorm | I1: Dose | J1: FNorm
A2: 0.00093303299 | B2: =((RawData!B36-RawData!B37)*(RawData!B39+A2+RawData!B38-SQRT(POWER(RawData!B39+A2+RawData!B38,2)-(4*RawData!B39*A2)))/(2*RawData!B39))+RawData!B37 | E2: 0.00093303299 | F2: =((RawData!F36-RawData!F37)*(RawData!F39+E2+RawData!F38-SQRT(POWER(RawData!F39+E2+RawData!F38,2)-(4*RawData!F39*E2)))/(2*RawData!F39))+RawData!F37 | I2: 0.00093303299 | J2: =((RawData!J36-RawData!J37)*(RawData!J39+I2+RawData!J38-SQRT(POWER(RawData!J39+I2+RawData!J38,2)-(4*RawData!J39*I2)))/(2*RawData!J39))+RawData!J37
A3: 0.00087055056 | B3: =((RawData!B36-RawData!B37)*(RawData!B39+A3+RawData!B38-SQRT(POWER(RawData!B39+A3+RawData!B38,2)-(4*RawData!B39*A3)))/(2*RawData!B39))+RawData!B37 | E3: 0.00087055056 | F3: =((RawData!F36-RawData!F37)*(RawData!F39+E3+RawData!F38-SQRT(POWER(RawData!F39+E3+RawData!F38,2)-(4*RawData!F39*E3)))/(2*RawData!F39))+RawData!F37 | I3: 0.00087055056 | J3: =((RawData!J36-RawData!J37)*(RawData!J39+I3+RawData!J38-SQRT(POWER(RawData!J39+I3+RawData!J38,2)-(4*RawData!J39*I3)))/(2*RawData!J39))+RawData!J37
A4: 0.0008122524 | B4: =((RawData!B36-RawData!B37)*(RawData!B39+A4+RawData!B38-SQRT(POWER(RawData!B39+A4+RawData!B38,2)-(4*RawData!B39*A4)))/(2*RawData!B39))+RawData!B37 | E4: 0.0008122524 | F4: =((RawData!F36-RawData!F37)*(RawData!F39+E4+RawData!F38-SQRT(POWER(RawData!F39+E4+RawData!F38,2)-(4*RawData!F39*E4)))/(2*RawData!F39))+RawData!F37 | I4: 0.0008122524 | J4: =((RawData!J36-RawData!J37)*(RawData!J39+I4+RawData!J38-SQRT(POWER(RawData!J39+I4+RawData!J38,2)-(4*RawData!J39*I4)))/(2*RawData!J39))+RawData!J37
A5: 0.00075785828 | B5: =((RawData!B36-RawData!B37)*(RawData!B39+A5+RawData!B38-SQRT(POWER(RawData!B39+A5+RawData!B38,2)-(4*RawData!B39*A5)))/(2*RawData!B39))+RawData!B37 | E5: 0.00075785828 | F5: =((RawData!F36-RawData!F37)*(RawData!F39+E5+RawData!F38-SQRT(POWER(RawData!F39+E5+RawData!F38,2)-(4*RawData!F39*E5)))/(2*RawData!F39))+RawData!F37 | I5: 0.00075785828 | J5: =((RawData!J36-RawData!J37)*(RawData!J39+I5+RawData!J38-SQRT(POWER(RawData!J39+I5+RawData!J38,2)-(4*RawData!J39*I5)))/(2*RawData!J39))+RawData!J37
A6: 0.00070710678 | B6: =((RawData!B36-RawData!B37)*(RawData!B39+A6+RawData!B38-SQRT(POWER(RawData!B39+A6+RawData!B38,2)-(4*RawData!B39*A6)))/(2*RawData!B39))+RawData!B37 | E6: 0.00070710678 | F6: =((RawData!F36-RawData!F37)*(RawData!F39+E6+RawData!F38-SQRT(POWER(RawData!F39+E6+RawData!F38,2)-(4*RawData!F39*E6)))/(2*RawData!F39))+RawData!F37 | I6: 0.00070710678 | J6: =((RawData!J36-RawData!J37)*(RawData!J39+I6+RawData!J38-SQRT(POWER(RawData!J39+I6+RawData!J38,2)-(4*RawData!J39*I6)))/(2*RawData!J39))+RawData!J37
A7: 0.00065975396 | B7: =((RawData!B36-RawData!B37)*(RawData!B39+A7+RawData!B38-SQRT(POWER(RawData!B39+A7+RawData!B38,2)-(4*RawData!B39*A7)))/(2*RawData!B39))+RawData!B37 | E7: 0.00065975396 | F7: =((RawData!F36-RawData!F37)*(RawData!F39+E7+RawData!F38-SQRT(POWER(RawData!F39+E7+RawData!F38,2)-(4*RawData!F39*E7)))/(2*RawData!F39))+RawData!F37 | I7: 0.00065975396 | J7: =((RawData!J36-RawData!J37)*(RawData!J39+I7+RawData!J38-SQRT(POWER(RawData!J39+I7+RawData!J38,2)-(4*RawData!J39*I7)))/(2*RawData!J39))+RawData!J37
A8: 0.00061557221 | B8: =((RawData!B36-RawData!B37)*(RawData!B39+A8+RawData!B38-SQRT(POWER(RawData!B39+A8+RawData!B38,2)-(4*RawData!B39*A8)))/(2*RawData!B39))+RawData!B37 | E8: 0.00061557221 | F8: =((RawData!F36-RawData!F37)*(RawData!F39+E8+RawData!F38-SQRT(POWER(RawData!F39+E8+RawData!F38,2)-(4*RawData!F39*E8)))/(2*RawData!F39))+RawData!F37 | I8: 0.00061557221 | J8: =((RawData!J36-RawData!J37)*(RawData!J39+I8+RawData!J38-SQRT(POWER(RawData!J39+I8+RawData!J38,2)-(4*RawData!J39*I8)))/(2*RawData!J39))+RawData!J37
A9: 0.00057434918 | B9: =((RawData!B36-RawData!B37)*(RawData!B39+A9+RawData!B38-SQRT(POWER(RawData!B39+A9+RawData!B38,2)-(4*RawData!B39*A9)))/(2*RawData!B39))+RawData!B37 | E9: 0.00057434918 | F9: =((RawData!F36-RawData!F37)*(RawData!F39+E9+RawData!F38-SQRT(POWER(RawData!F39+E9+RawData!F38,2)-(4*RawData!F39*E9)))/(2*RawData!F39))+RawData!F37 | I9: 0.00057434918 | J9: =((RawData!J36-RawData!J37)*(RawData!J39+I9+RawData!J38-SQRT(POWER(RawData!J39+I9+RawData!J38,2)-(4*RawData!J39*I9)))/(2*RawData!J39))+RawData!J37
A10: 0.00053588673 | B10: =((RawData!B36-RawData!B37)*(RawData!B39+A10+RawData!B38-SQRT(POWER(RawData!B39+A10+RawData!B38,2)-(4*RawData!B39*A10)))/(2*RawData!B39))+RawData!B37 | E10: 0.00053588673 | F10: =((RawData!F36-RawData!F37)*(RawData!F39+E10+RawData!F38-SQRT(POWER(RawData!F39+E10+RawData!F38,2)-(4*RawData!F39*E10)))/(2*RawData!F39))+RawData!F37 | I10: 0.00053588673 | J10: =((RawData!J36-RawData!J37)*(RawData!J39+I10+RawData!J38-SQRT(POWER(RawData!J39+I10+RawData!J38,2)-(4*RawData!J39*I10)))/(2*RawData!J39))+RawData!J37
A11: 0.0005 | B11: =((RawData!B36-RawData!B37)*(RawData!B39+A11+RawData!B38-SQRT(POWER(RawData!B39+A11+RawData!B38,2)-(4*RawData!B39*A11)))/(2*RawData!B39))+RawData!B37 | E11: 0.0005 | F11: =((RawData!F36-RawData!F37)*(RawData!F39+E11+RawData!F38-SQRT(POWER(RawData!F39+E11+RawData!F38,2)-(4*RawData!F39*E11)))/(2*RawData!F39))+RawData!F37 | I11: 0.0005 | J11: =((RawData!J36-RawData!J37)*(RawData!J39+I11+RawData!J38-SQRT(POWER(RawData!J39+I11+RawData!J38,2)-(4*RawData!J39*I11)))/(2*RawData!J39))+RawData!J37
A12: 0.0004665165 | B12: =((RawData!B36-RawData!B37)*(RawData!B39+A12+RawData!B38-SQRT(POWER(RawData!B39+A12+RawData!B38,2)-(4*RawData!B39*A12)))/(2*RawData!B39))+RawData!B37 | E12: 0.0004665165 | F12: =((RawData!F36-RawData!F37)*(RawData!F39+E12+RawData!F38-SQRT(POWER(RawData!F39+E12+RawData!F38,2)-(4*RawData!F39*E12)))/(2*RawData!F39))+RawData!F37 | I12: 0.0004665165 | J12: =((RawData!J36-RawData!J37)*(RawData!J39+I12+RawData!J38-SQRT(POWER(RawData!J39+I12+RawData!J38,2)-(4*RawData!J39*I12)))/(2*RawData!J39))+RawData!J37
A13: 0.00043527528 | B13: =((RawData!B36-RawData!B37)*(RawData!B39+A13+RawData!B38-SQRT(POWER(RawData!B39+A13+RawData!B38,2)-(4*RawData!B39*A13)))/(2*RawData!B39))+RawData!B37 | E13: 0.00043527528 | F13: =((RawData!F36-RawData!F37)*(RawData!F39+E13+RawData!F38-SQRT(POWER(RawData!F39+E13+RawData!F38,2)-(4*RawData!F39*E13)))/(2*RawData!F39))+RawData!F37 | I13: 0.00043527528 | J13: =((RawData!J36-RawData!J37)*(RawData!J39+I13+RawData!J38-SQRT(POWER(RawData!J39+I13+RawData!J38,2)-(4*RawData!J39*I13)))/(2*RawData!J39))+RawData!J37
A14: 0.0004061262 | B14: =((RawData!B36-RawData!B37)*(RawData!B39+A14+RawData!B38-SQRT(POWER(RawData!B39+A14+RawData!B38,2)-(4*RawData!B39*A14)))/(2*RawData!B39))+RawData!B37 | E14: 0.0004061262 | F14: =((RawData!F36-RawData!F37)*(RawData!F39+E14+RawData!F38-SQRT(POWER(RawData!F39+E14+RawData!F38,2)-(4*RawData!F39*E14)))/(2*RawData!F39))+RawData!F37 | I14: 0.0004061262 | J14: =((RawData!J36-RawData!J37)*(RawData!J39+I14+RawData!J38-SQRT(POWER(RawData!J39+I14+RawData!J38,2)-(4*RawData!J39*I14)))/(2*RawData!J39))+RawData!J37
A15: 0.00037892914 | B15: =((RawData!B36-RawData!B37)*(RawData!B39+A15+RawData!B38-SQRT(POWER(RawData!B39+A15+RawData!B38,2)-(4*RawData!B39*A15)))/(2*RawData!B39))+RawData!B37 | E15: 0.00037892914 | F15: =((RawData!F36-RawData!F37)*(RawData!F39+E15+RawData!F38-SQRT(POWER(RawData!F39+E15+RawData!F38,2)-(4*RawData!F39*E15)))/(2*RawData!F39))+RawData!F37 | I15: 0.00037892914 | J15: =((RawData!J36-RawData!J37)*(RawData!J39+I15+RawData!J38-SQRT(POWER(RawData!J39+I15+RawData!J38,2)-(4*RawData!J39*I15)))/(2*RawData!J39))+RawData!J37
A16: 0.00035355339 | B16: =((RawData!B36-RawData!B37)*(RawData!B39+A16+RawData!B38-SQRT(POWER(RawData!B39+A16+RawData!B38,2)-(4*RawData!B39*A16)))/(2*RawData!B39))+RawData!B37 | E16: 0.00035355339 | F16: =((RawData!F36-RawData!F37)*(RawData!F39+E16+RawData!F38-SQRT(POWER(RawData!F39+E16+RawData!F38,2)-(4*RawData!F39*E16)))/(2*RawData!F39))+RawData!F37 | I16: 0.00035355339 | J16: =((RawData!J36-RawData!J37)*(RawData!J39+I16+RawData!J38-SQRT(POWER(RawData!J39+I16+RawData!J38,2)-(4*RawData!J39*I16)))/(2*RawData!J39))+RawData!J37
A17: 0.00032987698 | B17: =((RawData!B36-RawData!B37)*(RawData!B39+A17+RawData!B38-SQRT(POWER(RawData!B39+A17+RawData!B38,2)-(4*RawData!B39*A17)))/(2*RawData!B39))+RawData!B37 | E17: 0.00032987698 | F17: =((RawData!F36-RawData!F37)*(RawData!F39+E17+RawData!F38-SQRT(POWER(RawData!F39+E17+RawData!F38,2)-(4*RawData!F39*E17)))/(2*RawData!F39))+RawData!F37 | I17: 0.00032987698 | J17: =((RawData!J36-RawData!J37)*(RawData!J39+I17+RawData!J38-SQRT(POWER(RawData!J39+I17+RawData!J38,2)-(4*RawData!J39*I17)))/(2*RawData!J39))+RawData!J37
A18: 0.0003077861 | B18: =((RawData!B36-RawData!B37)*(RawData!B39+A18+RawData!B38-SQRT(POWER(RawData!B39+A18+RawData!B38,2)-(4*RawData!B39*A18)))/(2*RawData!B39))+RawData!B37 | E18: 0.0003077861 | F18: =((RawData!F36-RawData!F37)*(RawData!F39+E18+RawData!F38-SQRT(POWER(RawData!F39+E18+RawData!F38,2)-(4*RawData!F39*E18)))/(2*RawData!F39))+RawData!F37 | I18: 0.0003077861 | J18: =((RawData!J36-RawData!J37)*(RawData!J39+I18+RawData!J38-SQRT(POWER(RawData!J39+I18+RawData!J38,2)-(4*RawData!J39*I18)))/(2*RawData!J39))+RawData!J37
A19: 0.00028717459 | B19: =((RawData!B36-RawData!B37)*(RawData!B39+A19+RawData!B38-SQRT(POWER(RawData!B39+A19+RawData!B38,2)-(4*RawData!B39*A19)))/(2*RawData!B39))+RawData!B37 | E19: 0.00028717459 | F19: =((RawData!F36-RawData!F37)*(RawData!F39+E19+RawData!F38-SQRT(POWER(RawData!F39+E19+RawData!F38,2)-(4*RawData!F39*E19)))/(2*RawData!F39))+RawData!F37 | I19: 0.00028717459 | J19: =((RawData!J36-RawData!J37)*(RawData!J39+I19+RawData!J38-SQRT(POWER(RawData!J39+I19+RawData!J38,2)-(4*RawData!J39*I19)))/(2*RawData!J39))+RawData!J37
A20: 0.00026794337 | B20: =((RawData!B36-RawData!B37)*(RawData!B39+A20+RawData!B38-SQRT(POWER(RawData!B39+A20+RawData!B38,2)-(4*RawData!B39*A20)))/(2*RawData!B39))+RawData!B37 | E20: 0.00026794337 | F20: =((RawData!F36-RawData!F37)*(RawData!F39+E20+RawData!F38-SQRT(POWER(RawData!F39+E20+RawData!F38,2)-(4*RawData!F39*E20)))/(2*RawData!F39))+RawData!F37 | I20: 0.00026794337 | J20: =((RawData!J36-RawData!J37)*(RawData!J39+I20+RawData!J38-SQRT(POWER(RawData!J39+I20+RawData!J38,2)-(4*RawData!J39*I20)))/(2*RawData!J39))+RawData!J37
A21: 0.00025 | B21: =((RawData!B36-RawData!B37)*(RawData!B39+A21+RawData!B38-SQRT(POWER(RawData!B39+A21+RawData!B38,2)-(4*RawData!B39*A21)))/(2*RawData!B39))+RawData!B37 | E21: 0.00025 | F21: =((RawData!F36-RawData!F37)*(RawData!F39+E21+RawData!F38-SQRT(POWER(RawData!F39+E21+RawData!F38,2)-(4*RawData!F39*E21)))/(2*RawData!F39))+RawData!F37 | I21: 0.00025 | J21: =((RawData!J36-RawData!J37)*(RawData!J39+I21+RawData!J38-SQRT(POWER(RawData!J39+I21+RawData!J38,2)-(4*RawData!J39*I21)))/(2*RawData!J39))+RawData!J37
A22: 0.00023325825 | B22: =((RawData!B36-RawData!B37)*(RawData!B39+A22+RawData!B38-SQRT(POWER(RawData!B39+A22+RawData!B38,2)-(4*RawData!B39*A22)))/(2*RawData!B39))+RawData!B37 | E22: 0.00023325825 | F22: =((RawData!F36-RawData!F37)*(RawData!F39+E22+RawData!F38-SQRT(POWER(RawData!F39+E22+RawData!F38,2)-(4*RawData!F39*E22)))/(2*RawData!F39))+RawData!F37 | I22: 0.00023325825 | J22: =((RawData!J36-RawData!J37)*(RawData!J39+I22+RawData!J38-SQRT(POWER(RawData!J39+I22+RawData!J38,2)-(4*RawData!J39*I22)))/(2*RawData!J39))+RawData!J37
A23: 0.00021763764 | B23: =((RawData!B36-RawData!B37)*(RawData!B39+A23+RawData!B38-SQRT(POWER(RawData!B39+A23+RawData!B38,2)-(4*RawData!B39*A23)))/(2*RawData!B39))+RawData!B37 | E23: 0.00021763764 | F23: =((RawData!F36-RawData!F37)*(RawData!F39+E23+RawData!F38-SQRT(POWER(RawData!F39+E23+RawData!F38,2)-(4*RawData!F39*E23)))/(2*RawData!F39))+RawData!F37 | I23: 0.00021763764 | J23: =((RawData!J36-RawData!J37)*(RawData!J39+I23+RawData!J38-SQRT(POWER(RawData!J39+I23+RawData!J38,2)-(4*RawData!J39*I23)))/(2*RawData!J39))+RawData!J37
A24: 0.0002030631 | B24: =((RawData!B36-RawData!B37)*(RawData!B39+A24+RawData!B38-SQRT(POWER(RawData!B39+A24+RawData!B38,2)-(4*RawData!B39*A24)))/(2*RawData!B39))+RawData!B37 | E24: 0.0002030631 | F24: =((RawData!F36-RawData!F37)*(RawData!F39+E24+RawData!F38-SQRT(POWER(RawData!F39+E24+RawData!F38,2)-(4*RawData!F39*E24)))/(2*RawData!F39))+RawData!F37 | I24: 0.0002030631 | J24: =((RawData!J36-RawData!J37)*(RawData!J39+I24+RawData!J38-SQRT(POWER(RawData!J39+I24+RawData!J38,2)-(4*RawData!J39*I24)))/(2*RawData!J39))+RawData!J37
A25: 0.00018946457 | B25: =((RawData!B36-RawData!B37)*(RawData!B39+A25+RawData!B38-SQRT(POWER(RawData!B39+A25+RawData!B38,2)-(4*RawData!B39*A25)))/(2*RawData!B39))+RawData!B37 | E25: 0.00018946457 | F25: =((RawData!F36-RawData!F37)*(RawData!F39+E25+RawData!F38-SQRT(POWER(RawData!F39+E25+RawData!F38,2)-(4*RawData!F39*E25)))/(2*RawData!F39))+RawData!F37 | I25: 0.00018946457 | J25: =((RawData!J36-RawData!J37)*(RawData!J39+I25+RawData!J38-SQRT(POWER(RawData!J39+I25+RawData!J38,2)-(4*RawData!J39*I25)))/(2*RawData!J39))+RawData!J37
A26: 0.0001767767 | B26: =((RawData!B36-RawData!B37)*(RawData!B39+A26+RawData!B38-SQRT(POWER(RawData!B39+A26+RawData!B38,2)-(4*RawData!B39*A26)))/(2*RawData!B39))+RawData!B37 | E26: 0.0001767767 | F26: =((RawData!F36-RawData!F37)*(RawData!F39+E26+RawData!F38-SQRT(POWER(RawData!F39+E26+RawData!F38,2)-(4*RawData!F39*E26)))/(2*RawData!F39))+RawData!F37 | I26: 0.0001767767 | J26: =((RawData!J36-RawData!J37)*(RawData!J39+I26+RawData!J38-SQRT(POWER(RawData!J39+I26+RawData!J38,2)-(4*RawData!J39*I26)))/(2*RawData!J39))+RawData!J37
A27: 0.00016493849 | B27: =((RawData!B36-RawData!B37)*(RawData!B39+A27+RawData!B38-SQRT(POWER(RawData!B39+A27+RawData!B38,2)-(4*RawData!B39*A27)))/(2*RawData!B39))+RawData!B37 | E27: 0.00016493849 | F27: =((RawData!F36-RawData!F37)*(RawData!F39+E27+RawData!F38-SQRT(POWER(RawData!F39+E27+RawData!F38,2)-(4*RawData!F39*E27)))/(2*RawData!F39))+RawData!F37 | I27: 0.00016493849 | J27: =((RawData!J36-RawData!J37)*(RawData!J39+I27+RawData!J38-SQRT(POWER(RawData!J39+I27+RawData!J38,2)-(4*RawData!J39*I27)))/(2*RawData!J39))+RawData!J37
A28: 0.00015389305 | B28: =((RawData!B36-RawData!B37)*(RawData!B39+A28+RawData!B38-SQRT(POWER(RawData!B39+A28+RawData!B38,2)-(4*RawData!B39*A28)))/(2*RawData!B39))+RawData!B37 | E28: 0.00015389305 | F28: =((RawData!F36-RawData!F37)*(RawData!F39+E28+RawData!F38-SQRT(POWER(RawData!F39+E28+RawData!F38,2)-(4*RawData!F39*E28)))/(2*RawData!F39))+RawData!F37 | I28: 0.00015389305 | J28: =((RawData!J36-RawData!J37)*(RawData!J39+I28+RawData!J38-SQRT(POWER(RawData!J39+I28+RawData!J38,2)-(4*RawData!J39*I28)))/(2*RawData!J39))+RawData!J37
A29: 0.00014358729 | B29: =((RawData!B36-RawData!B37)*(RawData!B39+A29+RawData!B38-SQRT(POWER(RawData!B39+A29+RawData!B38,2)-(4*RawData!B39*A29)))/(2*RawData!B39))+RawData!B37 | E29: 0.00014358729 | F29: =((RawData!F36-RawData!F37)*(RawData!F39+E29+RawData!F38-SQRT(POWER(RawData!F39+E29+RawData!F38,2)-(4*RawData!F39*E29)))/(2*RawData!F39))+RawData!F37 | I29: 0.00014358729 | J29: =((RawData!J36-RawData!J37)*(RawData!J39+I29+RawData!J38-SQRT(POWER(RawData!J39+I29+RawData!J38,2)-(4*RawData!J39*I29)))/(2*RawData!J39))+RawData!J37
A30: 0.00013397168 | B30: =((RawData!B36-RawData!B37)*(RawData!B39+A30+RawData!B38-SQRT(POWER(RawData!B39+A30+RawData!B38,2)-(4*RawData!B39*A30)))/(2*RawData!B39))+RawData!B37 | E30: 0.00013397168 | F30: =((RawData!F36-RawData!F37)*(RawData!F39+E30+RawData!F38-SQRT(POWER(RawData!F39+E30+RawData!F38,2)-(4*RawData!F39*E30)))/(2*RawData!F39))+RawData!F37 | I30: 0.00013397168 | J30: =((RawData!J36-RawData!J37)*(RawData!J39+I30+RawData!J38-SQRT(POWER(RawData!J39+I30+RawData!J38,2)-(4*RawData!J39*I30)))/(2*RawData!J39))+RawData!J37
A31: 0.000125 | B31: =((RawData!B36-RawData!B37)*(RawData!B39+A31+RawData!B38-SQRT(POWER(RawData!B39+A31+RawData!B38,2)-(4*RawData!B39*A31)))/(2*RawData!B39))+RawData!B37 | E31: 0.000125 | F31: =((RawData!F36-RawData!F37)*(RawData!F39+E31+RawData!F38-SQRT(POWER(RawData!F39+E31+RawData!F38,2)-(4*RawData!F39*E31)))/(2*RawData!F39))+RawData!F37 | I31: 0.000125 | J31: =((RawData!J36-RawData!J37)*(RawData!J39+I31+RawData!J38-SQRT(POWER(RawData!J39+I31+RawData!J38,2)-(4*RawData!J39*I31)))/(2*RawData!J39))+RawData!J37
A32: 0.00011662912 | B32: =((RawData!B36-RawData!B37)*(RawData!B39+A32+RawData!B38-SQRT(POWER(RawData!B39+A32+RawData!B38,2)-(4*RawData!B39*A32)))/(2*RawData!B39))+RawData!B37 | E32: 0.00011662912 | F32: =((RawData!F36-RawData!F37)*(RawData!F39+E32+RawData!F38-SQRT(POWER(RawData!F39+E32+RawData!F38,2)-(4*RawData!F39*E32)))/(2*RawData!F39))+RawData!F37 | I32: 0.00011662912 | J32: =((RawData!J36-RawData!J37)*(RawData!J39+I32+RawData!J38-SQRT(POWER(RawData!J39+I32+RawData!J38,2)-(4*RawData!J39*I32)))/(2*RawData!J39))+RawData!J37
A33: 0.00010881882 | B33: =((RawData!B36-RawData!B37)*(RawData!B39+A33+RawData!B38-SQRT(POWER(RawData!B39+A33+RawData!B38,2)-(4*RawData!B39*A33)))/(2*RawData!B39))+RawData!B37 | E33: 0.00010881882 | F33: =((RawData!F36-RawData!F37)*(RawData!F39+E33+RawData!F38-SQRT(POWER(RawData!F39+E33+RawData!F38,2)-(4*RawData!F39*E33)))/(2*RawData!F39))+RawData!F37 | I33: 0.00010881882 | J33: =((RawData!J36-RawData!J37)*(RawData!J39+I33+RawData!J38-SQRT(POWER(RawData!J39+I33+RawData!J38,2)-(4*RawData!J39*I33)))/(2*RawData!J39))+RawData!J37
A34: 0.00010153155 | B34: =((RawData!B36-RawData!B37)*(RawData!B39+A34+RawData!B38-SQRT(POWER(RawData!B39+A34+RawData!B38,2)-(4*RawData!B39*A34)))/(2*RawData!B39))+RawData!B37 | E34: 0.00010153155 | F34: =((RawData!F36-RawData!F37)*(RawData!F39+E34+RawData!F38-SQRT(POWER(RawData!F39+E34+RawData!F38,2)-(4*RawData!F39*E34)))/(2*RawData!F39))+RawData!F37 | I34: 0.00010153155 | J34: =((RawData!J36-RawData!J37)*(RawData!J39+I34+RawData!J38-SQRT(POWER(RawData!J39+I34+RawData!J38,2)-(4*RawData!J39*I34)))/(2*RawData!J39))+RawData!J37
A35: 9.4732285e-05 | B35: =((RawData!B36-RawData!B37)*(RawData!B39+A35+RawData!B38-SQRT(POWER(RawData!B39+A35+RawData!B38,2)-(4*RawData!B39*A35)))/(2*RawData!B39))+RawData!B37 | E35: 9.4732285e-05 | F35: =((RawData!F36-RawData!F37)*(RawData!F39+E35+RawData!F38-SQRT(POWER(RawData!F39+E35+RawData!F38,2)-(4*RawData!F39*E35)))/(2*RawData!F39))+RawData!F37 | I35: 9.4732285e-05 | J35: =((RawData!J36-RawData!J37)*(RawData!J39+I35+RawData!J38-SQRT(POWER(RawData!J39+I35+RawData!J38,2)-(4*RawData!J39*I35)))/(2*RawData!J39))+RawData!J37
A36: 8.8388348e-05 | B36: =((RawData!B36-RawData!B37)*(RawData!B39+A36+RawData!B38-SQRT(POWER(RawData!B39+A36+RawData!B38,2)-(4*RawData!B39*A36)))/(2*RawData!B39))+RawData!B37 | E36: 8.8388348e-05 | F36: =((RawData!F36-RawData!F37)*(RawData!F39+E36+RawData!F38-SQRT(POWER(RawData!F39+E36+RawData!F38,2)-(4*RawData!F39*E36)))/(2*RawData!F39))+RawData!F37 | I36: 8.8388348e-05 | J36: =((RawData!J36-RawData!J37)*(RawData!J39+I36+RawData!J38-SQRT(POWER(RawData!J39+I36+RawData!J38,2)-(4*RawData!J39*I36)))/(2*RawData!J39))+RawData!J37
A37: 8.2469244e-05 | B37: =((RawData!B36-RawData!B37)*(RawData!B39+A37+RawData!B38-SQRT(POWER(RawData!B39+A37+RawData!B38,2)-(4*RawData!B39*A37)))/(2*RawData!B39))+RawData!B37 | E37: 8.2469244e-05 | F37: =((RawData!F36-RawData!F37)*(RawData!F39+E37+RawData!F38-SQRT(POWER(RawData!F39+E37+RawData!F38,2)-(4*RawData!F39*E37)))/(2*RawData!F39))+RawData!F37 | I37: 8.2469244e-05 | J37: =((RawData!J36-RawData!J37)*(RawData!J39+I37+RawData!J38-SQRT(POWER(RawData!J39+I37+RawData!J38,2)-(4*RawData!J39*I37)))/(2*RawData!J39))+RawData!J37
A38: 7.6946526e-05 | B38: =((RawData!B36-RawData!B37)*(RawData!B39+A38+RawData!B38-SQRT(POWER(RawData!B39+A38+RawData!B38,2)-(4*RawData!B39*A38)))/(2*RawData!B39))+RawData!B37 | E38: 7.6946526e-05 | F38: =((RawData!F36-RawData!F37)*(RawData!F39+E38+RawData!F38-SQRT(POWER(RawData!F39+E38+RawData!F38,2)-(4*RawData!F39*E38)))/(2*RawData!F39))+RawData!F37 | I38: 7.6946526e-05 | J38: =((RawData!J36-RawData!J37)*(RawData!J39+I38+RawData!J38-SQRT(POWER(RawData!J39+I38+RawData!J38,2)-(4*RawData!J39*I38)))/(2*RawData!J39))+RawData!J37
A39: 7.1793647e-05 | B39: =((RawData!B36-RawData!B37)*(RawData!B39+A39+RawData!B38-SQRT(POWER(RawData!B39+A39+RawData!B38,2)-(4*RawData!B39*A39)))/(2*RawData!B39))+RawData!B37 | E39: 7.1793647e-05 | F39: =((RawData!F36-RawData!F37)*(RawData!F39+E39+RawData!F38-SQRT(POWER(RawData!F39+E39+RawData!F38,2)-(4*RawData!F39*E39)))/(2*RawData!F39))+RawData!F37 | I39: 7.1793647e-05 | J39: =((RawData!J36-RawData!J37)*(RawData!J39+I39+RawData!J38-SQRT(POWER(RawData!J39+I39+RawData!J38,2)-(4*RawData!J39*I39)))/(2*RawData!J39))+RawData!J37
A40: 6.6985841e-05 | B40: =((RawData!B36-RawData!B37)*(RawData!B39+A40+RawData!B38-SQRT(POWER(RawData!B39+A40+RawData!B38,2)-(4*RawData!B39*A40)))/(2*RawData!B39))+RawData!B37 | E40: 6.6985841e-05 | F40: =((RawData!F36-RawData!F37)*(RawData!F39+E40+RawData!F38-SQRT(POWER(RawData!F39+E40+RawData!F38,2)-(4*RawData!F39*E40)))/(2*RawData!F39))+RawData!F37 | I40: 6.6985841e-05 | J40: =((RawData!J36-RawData!J37)*(RawData!J39+I40+RawData!J38-SQRT(POWER(RawData!J39+I40+RawData!J38,2)-(4*RawData!J39*I40)))/(2*RawData!J39))+RawData!J37
A41: 6.25e-05 | B41: =((RawData!B36-RawData!B37)*(RawData!B39+A41+RawData!B38-SQRT(POWER(RawData!B39+A41+RawData!B38,2)-(4*RawData!B39*A41)))/(2*RawData!B39))+RawData!B37 | E41: 6.25e-05 | F41: =((RawData!F36-RawData!F37)*(RawData!F39+E41+RawData!F38-SQRT(POWER(RawData!F39+E41+RawData!F38,2)-(4*RawData!F39*E41)))/(2*RawData!F39))+RawData!F37 | I41: 6.25e-05 | J41: =((RawData!J36-RawData!J37)*(RawData!J39+I41+RawData!J38-SQRT(POWER(RawData!J39+I41+RawData!J38,2)-(4*RawData!J39*I41)))/(2*RawData!J39))+RawData!J37
A42: 5.8314562e-05 | B42: =((RawData!B36-RawData!B37)*(RawData!B39+A42+RawData!B38-SQRT(POWER(RawData!B39+A42+RawData!B38,2)-(4*RawData!B39*A42)))/(2*RawData!B39))+RawData!B37 | E42: 5.8314562e-05 | F42: =((RawData!F36-RawData!F37)*(RawData!F39+E42+RawData!F38-SQRT(POWER(RawData!F39+E42+RawData!F38,2)-(4*RawData!F39*E42)))/(2*RawData!F39))+RawData!F37 | I42: 5.8314562e-05 | J42: =((RawData!J36-RawData!J37)*(RawData!J39+I42+RawData!J38-SQRT(POWER(RawData!J39+I42+RawData!J38,2)-(4*RawData!J39*I42)))/(2*RawData!J39))+RawData!J37
A43: 5.440941e-05 | B43: =((RawData!B36-RawData!B37)*(RawData!B39+A43+RawData!B38-SQRT(POWER(RawData!B39+A43+RawData!B38,2)-(4*RawData!B39*A43)))/(2*RawData!B39))+RawData!B37 | E43: 5.440941e-05 | F43: =((RawData!F36-RawData!F37)*(RawData!F39+E43+RawData!F38-SQRT(POWER(RawData!F39+E43+RawData!F38,2)-(4*RawData!F39*E43)))/(2*RawData!F39))+RawData!F37 | I43: 5.440941e-05 | J43: =((RawData!J36-RawData!J37)*(RawData!J39+I43+RawData!J38-SQRT(POWER(RawData!J39+I43+RawData!J38,2)-(4*RawData!J39*I43)))/(2*RawData!J39))+RawData!J37
A44: 5.0765775e-05 | B44: =((RawData!B36-RawData!B37)*(RawData!B39+A44+RawData!B38-SQRT(POWER(RawData!B39+A44+RawData!B38,2)-(4*RawData!B39*A44)))/(2*RawData!B39))+RawData!B37 | E44: 5.0765775e-05 | F44: =((RawData!F36-RawData!F37)*(RawData!F39+E44+RawData!F38-SQRT(POWER(RawData!F39+E44+RawData!F38,2)-(4*RawData!F39*E44)))/(2*RawData!F39))+RawData!F37 | I44: 5.0765775e-05 | J44: =((RawData!J36-RawData!J37)*(RawData!J39+I44+RawData!J38-SQRT(POWER(RawData!J39+I44+RawData!J38,2)-(4*RawData!J39*I44)))/(2*RawData!J39))+RawData!J37
A45: 4.7366143e-05 | B45: =((RawData!B36-RawData!B37)*(RawData!B39+A45+RawData!B38-SQRT(POWER(RawData!B39+A45+RawData!B38,2)-(4*RawData!B39*A45)))/(2*RawData!B39))+RawData!B37 | E45: 4.7366143e-05 | F45: =((RawData!F36-RawData!F37)*(RawData!F39+E45+RawData!F38-SQRT(POWER(RawData!F39+E45+RawData!F38,2)-(4*RawData!F39*E45)))/(2*RawData!F39))+RawData!F37 | I45: 4.7366143e-05 | J45: =((RawData!J36-RawData!J37)*(RawData!J39+I45+RawData!J38-SQRT(POWER(RawData!J39+I45+RawData!J38,2)-(4*RawData!J39*I45)))/(2*RawData!J39))+RawData!J37
A46: 4.4194174e-05 | B46: =((RawData!B36-RawData!B37)*(RawData!B39+A46+RawData!B38-SQRT(POWER(RawData!B39+A46+RawData!B38,2)-(4*RawData!B39*A46)))/(2*RawData!B39))+RawData!B37 | E46: 4.4194174e-05 | F46: =((RawData!F36-RawData!F37)*(RawData!F39+E46+RawData!F38-SQRT(POWER(RawData!F39+E46+RawData!F38,2)-(4*RawData!F39*E46)))/(2*RawData!F39))+RawData!F37 | I46: 4.4194174e-05 | J46: =((RawData!J36-RawData!J37)*(RawData!J39+I46+RawData!J38-SQRT(POWER(RawData!J39+I46+RawData!J38,2)-(4*RawData!J39*I46)))/(2*RawData!J39))+RawData!J37
A47: 4.1234622e-05 | B47: =((RawData!B36-RawData!B37)*(RawData!B39+A47+RawData!B38-SQRT(POWER(RawData!B39+A47+RawData!B38,2)-(4*RawData!B39*A47)))/(2*RawData!B39))+RawData!B37 | E47: 4.1234622e-05 | F47: =((RawData!F36-RawData!F37)*(RawData!F39+E47+RawData!F38-SQRT(POWER(RawData!F39+E47+RawData!F38,2)-(4*RawData!F39*E47)))/(2*RawData!F39))+RawData!F37 | I47: 4.1234622e-05 | J47: =((RawData!J36-RawData!J37)*(RawData!J39+I47+RawData!J38-SQRT(POWER(RawData!J39+I47+RawData!J38,2)-(4*RawData!J39*I47)))/(2*RawData!J39))+RawData!J37
A48: 3.8473263e-05 | B48: =((RawData!B36-RawData!B37)*(RawData!B39+A48+RawData!B38-SQRT(POWER(RawData!B39+A48+RawData!B38,2)-(4*RawData!B39*A48)))/(2*RawData!B39))+RawData!B37 | E48: 3.8473263e-05 | F48: =((RawData!F36-RawData!F37)*(RawData!F39+E48+RawData!F38-SQRT(POWER(RawData!F39+E48+RawData!F38,2)-(4*RawData!F39*E48)))/(2*RawData!F39))+RawData!F37 | I48: 3.8473263e-05 | J48: =((RawData!J36-RawData!J37)*(RawData!J39+I48+RawData!J38-SQRT(POWER(RawData!J39+I48+RawData!J38,2)-(4*RawData!J39*I48)))/(2*RawData!J39))+RawData!J37
A49: 3.5896824e-05 | B49: =((RawData!B36-RawData!B37)*(RawData!B39+A49+RawData!B38-SQRT(POWER(RawData!B39+A49+RawData!B38,2)-(4*RawData!B39*A49)))/(2*RawData!B39))+RawData!B37 | E49: 3.5896824e-05 | F49: =((RawData!F36-RawData!F37)*(RawData!F39+E49+RawData!F38-SQRT(POWER(RawData!F39+E49+RawData!F38,2)-(4*RawData!F39*E49)))/(2*RawData!F39))+RawData!F37 | I49: 3.5896824e-05 | J49: =((RawData!J36-RawData!J37)*(RawData!J39+I49+RawData!J38-SQRT(POWER(RawData!J39+I49+RawData!J38,2)-(4*RawData!J39*I49)))/(2*RawData!J39))+RawData!J37
A50: 3.3492921e-05 | B50: =((RawData!B36-RawData!B37)*(RawData!B39+A50+RawData!B38-SQRT(POWER(RawData!B39+A50+RawData!B38,2)-(4*RawData!B39*A50)))/(2*RawData!B39))+RawData!B37 | E50: 3.3492921e-05 | F50: =((RawData!F36-RawData!F37)*(RawData!F39+E50+RawData!F38-SQRT(POWER(RawData!F39+E50+RawData!F38,2)-(4*RawData!F39*E50)))/(2*RawData!F39))+RawData!F37 | I50: 3.3492921e-05 | J50: =((RawData!J36-RawData!J37)*(RawData!J39+I50+RawData!J38-SQRT(POWER(RawData!J39+I50+RawData!J38,2)-(4*RawData!J39*I50)))/(2*RawData!J39))+RawData!J37
A51: 3.125e-05 | B51: =((RawData!B36-RawData!B37)*(RawData!B39+A51+RawData!B38-SQRT(POWER(RawData!B39+A51+RawData!B38,2)-(4*RawData!B39*A51)))/(2*RawData!B39))+RawData!B37 | E51: 3.125e-05 | F51: =((RawData!F36-RawData!F37)*(RawData!F39+E51+RawData!F38-SQRT(POWER(RawData!F39+E51+RawData!F38,2)-(4*RawData!F39*E51)))/(2*RawData!F39))+RawData!F37 | I51: 3.125e-05 | J51: =((RawData!J36-RawData!J37)*(RawData!J39+I51+RawData!J38-SQRT(POWER(RawData!J39+I51+RawData!J38,2)-(4*RawData!J39*I51)))/(2*RawData!J39))+RawData!J37
A52: 2.9157281e-05 | B52: =((RawData!B36-RawData!B37)*(RawData!B39+A52+RawData!B38-SQRT(POWER(RawData!B39+A52+RawData!B38,2)-(4*RawData!B39*A52)))/(2*RawData!B39))+RawData!B37 | E52: 2.9157281e-05 | F52: =((RawData!F36-RawData!F37)*(RawData!F39+E52+RawData!F38-SQRT(POWER(RawData!F39+E52+RawData!F38,2)-(4*RawData!F39*E52)))/(2*RawData!F39))+RawData!F37 | I52: 2.9157281e-05 | J52: =((RawData!J36-RawData!J37)*(RawData!J39+I52+RawData!J38-SQRT(POWER(RawData!J39+I52+RawData!J38,2)-(4*RawData!J39*I52)))/(2*RawData!J39))+RawData!J37
A53: 2.7204705e-05 | B53: =((RawData!B36-RawData!B37)*(RawData!B39+A53+RawData!B38-SQRT(POWER(RawData!B39+A53+RawData!B38,2)-(4*RawData!B39*A53)))/(2*RawData!B39))+RawData!B37 | E53: 2.7204705e-05 | F53: =((RawData!F36-RawData!F37)*(RawData!F39+E53+RawData!F38-SQRT(POWER(RawData!F39+E53+RawData!F38,2)-(4*RawData!F39*E53)))/(2*RawData!F39))+RawData!F37 | I53: 2.7204705e-05 | J53: =((RawData!J36-RawData!J37)*(RawData!J39+I53+RawData!J38-SQRT(POWER(RawData!J39+I53+RawData!J38,2)-(4*RawData!J39*I53)))/(2*RawData!J39))+RawData!J37
A54: 2.5382887e-05 | B54: =((RawData!B36-RawData!B37)*(RawData!B39+A54+RawData!B38-SQRT(POWER(RawData!B39+A54+RawData!B38,2)-(4*RawData!B39*A54)))/(2*RawData!B39))+RawData!B37 | E54: 2.5382887e-05 | F54: =((RawData!F36-RawData!F37)*(RawData!F39+E54+RawData!F38-SQRT(POWER(RawData!F39+E54+RawData!F38,2)-(4*RawData!F39*E54)))/(2*RawData!F39))+RawData!F37 | I54: 2.5382887e-05 | J54: =((RawData!J36-RawData!J37)*(RawData!J39+I54+RawData!J38-SQRT(POWER(RawData!J39+I54+RawData!J38,2)-(4*RawData!J39*I54)))/(2*RawData!J39))+RawData!J37
A55: 2.3683071e-05 | B55: =((RawData!B36-RawData!B37)*(RawData!B39+A55+RawData!B38-SQRT(POWER(RawData!B39+A55+RawData!B38,2)-(4*RawData!B39*A55)))/(2*RawData!B39))+RawData!B37 | E55: 2.3683071e-05 | F55: =((RawData!F36-RawData!F37)*(RawData!F39+E55+RawData!F38-SQRT(POWER(RawData!F39+E55+RawData!F38,2)-(4*RawData!F39*E55)))/(2*RawData!F39))+RawData!F37 | I55: 2.3683071e-05 | J55: =((RawData!J36-RawData!J37)*(RawData!J39+I55+RawData!J38-SQRT(POWER(RawData!J39+I55+RawData!J38,2)-(4*RawData!J39*I55)))/(2*RawData!J39))+RawData!J37
A56: 2.2097087e-05 | B56: =((RawData!B36-RawData!B37)*(RawData!B39+A56+RawData!B38-SQRT(POWER(RawData!B39+A56+RawData!B38,2)-(4*RawData!B39*A56)))/(2*RawData!B39))+RawData!B37 | E56: 2.2097087e-05 | F56: =((RawData!F36-RawData!F37)*(RawData!F39+E56+RawData!F38-SQRT(POWER(RawData!F39+E56+RawData!F38,2)-(4*RawData!F39*E56)))/(2*RawData!F39))+RawData!F37 | I56: 2.2097087e-05 | J56: =((RawData!J36-RawData!J37)*(RawData!J39+I56+RawData!J38-SQRT(POWER(RawData!J39+I56+RawData!J38,2)-(4*RawData!J39*I56)))/(2*RawData!J39))+RawData!J37
A57: 2.0617311e-05 | B57: =((RawData!B36-RawData!B37)*(RawData!B39+A57+RawData!B38-SQRT(POWER(RawData!B39+A57+RawData!B38,2)-(4*RawData!B39*A57)))/(2*RawData!B39))+RawData!B37 | E57: 2.0617311e-05 | F57: =((RawData!F36-RawData!F37)*(RawData!F39+E57+RawData!F38-SQRT(POWER(RawData!F39+E57+RawData!F38,2)-(4*RawData!F39*E57)))/(2*RawData!F39))+RawData!F37 | I57: 2.0617311e-05 | J57: =((RawData!J36-RawData!J37)*(RawData!J39+I57+RawData!J38-SQRT(POWER(RawData!J39+I57+RawData!J38,2)-(4*RawData!J39*I57)))/(2*RawData!J39))+RawData!J37
A58: 1.9236631e-05 | B58: =((RawData!B36-RawData!B37)*(RawData!B39+A58+RawData!B38-SQRT(POWER(RawData!B39+A58+RawData!B38,2)-(4*RawData!B39*A58)))/(2*RawData!B39))+RawData!B37 | E58: 1.9236631e-05 | F58: =((RawData!F36-RawData!F37)*(RawData!F39+E58+RawData!F38-SQRT(POWER(RawData!F39+E58+RawData!F38,2)-(4*RawData!F39*E58)))/(2*RawData!F39))+RawData!F37 | I58: 1.9236631e-05 | J58: =((RawData!J36-RawData!J37)*(RawData!J39+I58+RawData!J38-SQRT(POWER(RawData!J39+I58+RawData!J38,2)-(4*RawData!J39*I58)))/(2*RawData!J39))+RawData!J37
A59: 1.7948412e-05 | B59: =((RawData!B36-RawData!B37)*(RawData!B39+A59+RawData!B38-SQRT(POWER(RawData!B39+A59+RawData!B38,2)-(4*RawData!B39*A59)))/(2*RawData!B39))+RawData!B37 | E59: 1.7948412e-05 | F59: =((RawData!F36-RawData!F37)*(RawData!F39+E59+RawData!F38-SQRT(POWER(RawData!F39+E59+RawData!F38,2)-(4*RawData!F39*E59)))/(2*RawData!F39))+RawData!F37 | I59: 1.7948412e-05 | J59: =((RawData!J36-RawData!J37)*(RawData!J39+I59+RawData!J38-SQRT(POWER(RawData!J39+I59+RawData!J38,2)-(4*RawData!J39*I59)))/(2*RawData!J39))+RawData!J37
A60: 1.674646e-05 | B60: =((RawData!B36-RawData!B37)*(RawData!B39+A60+RawData!B38-SQRT(POWER(RawData!B39+A60+RawData!B38,2)-(4*RawData!B39*A60)))/(2*RawData!B39))+RawData!B37 | E60: 1.674646e-05 | F60: =((RawData!F36-RawData!F37)*(RawData!F39+E60+RawData!F38-SQRT(POWER(RawData!F39+E60+RawData!F38,2)-(4*RawData!F39*E60)))/(2*RawData!F39))+RawData!F37 | I60: 1.674646e-05 | J60: =((RawData!J36-RawData!J37)*(RawData!J39+I60+RawData!J38-SQRT(POWER(RawData!J39+I60+RawData!J38,2)-(4*RawData!J39*I60)))/(2*RawData!J39))+RawData!J37
A61: 1.5625e-05 | B61: =((RawData!B36-RawData!B37)*(RawData!B39+A61+RawData!B38-SQRT(POWER(RawData!B39+A61+RawData!B38,2)-(4*RawData!B39*A61)))/(2*RawData!B39))+RawData!B37 | E61: 1.5625e-05 | F61: =((RawData!F36-RawData!F37)*(RawData!F39+E61+RawData!F38-SQRT(POWER(RawData!F39+E61+RawData!F38,2)-(4*RawData!F39*E61)))/(2*RawData!F39))+RawData!F37 | I61: 1.5625e-05 | J61: =((RawData!J36-RawData!J37)*(RawData!J39+I61+RawData!J38-SQRT(POWER(RawData!J39+I61+RawData!J38,2)-(4*RawData!J39*I61)))/(2*RawData!J39))+RawData!J37
A62: 1.457864e-05 | B62: =((RawData!B36-RawData!B37)*(RawData!B39+A62+RawData!B38-SQRT(POWER(RawData!B39+A62+RawData!B38,2)-(4*RawData!B39*A62)))/(2*RawData!B39))+RawData!B37 | E62: 1.457864e-05 | F62: =((RawData!F36-RawData!F37)*(RawData!F39+E62+RawData!F38-SQRT(POWER(RawData!F39+E62+RawData!F38,2)-(4*RawData!F39*E62)))/(2*RawData!F39))+RawData!F37 | I62: 1.457864e-05 | J62: =((RawData!J36-RawData!J37)*(RawData!J39+I62+RawData!J38-SQRT(POWER(RawData!J39+I62+RawData!J38,2)-(4*RawData!J39*I62)))/(2*RawData!J39))+RawData!J37
A63: 1.3602353e-05 | B63: =((RawData!B36-RawData!B37)*(RawData!B39+A63+RawData!B38-SQRT(POWER(RawData!B39+A63+RawData!B38,2)-(4*RawData!B39*A63)))/(2*RawData!B39))+RawData!B37 | E63: 1.3602353e-05 | F63: =((RawData!F36-RawData!F37)*(RawData!F39+E63+RawData!F38-SQRT(POWER(RawData!F39+E63+RawData!F38,2)-(4*RawData!F39*E63)))/(2*RawData!F39))+RawData!F37 | I63: 1.3602353e-05 | J63: =((RawData!J36-RawData!J37)*(RawData!J39+I63+RawData!J38-SQRT(POWER(RawData!J39+I63+RawData!J38,2)-(4*RawData!J39*I63)))/(2*RawData!J39))+RawData!J37
A64: 1.2691444e-05 | B64: =((RawData!B36-RawData!B37)*(RawData!B39+A64+RawData!B38-SQRT(POWER(RawData!B39+A64+RawData!B38,2)-(4*RawData!B39*A64)))/(2*RawData!B39))+RawData!B37 | E64: 1.2691444e-05 | F64: =((RawData!F36-RawData!F37)*(RawData!F39+E64+RawData!F38-SQRT(POWER(RawData!F39+E64+RawData!F38,2)-(4*RawData!F39*E64)))/(2*RawData!F39))+RawData!F37 | I64: 1.2691444e-05 | J64: =((RawData!J36-RawData!J37)*(RawData!J39+I64+RawData!J38-SQRT(POWER(RawData!J39+I64+RawData!J38,2)-(4*RawData!J39*I64)))/(2*RawData!J39))+RawData!J37
A65: 1.1841536e-05 | B65: =((RawData!B36-RawData!B37)*(RawData!B39+A65+RawData!B38-SQRT(POWER(RawData!B39+A65+RawData!B38,2)-(4*RawData!B39*A65)))/(2*RawData!B39))+RawData!B37 | E65: 1.1841536e-05 | F65: =((RawData!F36-RawData!F37)*(RawData!F39+E65+RawData!F38-SQRT(POWER(RawData!F39+E65+RawData!F38,2)-(4*RawData!F39*E65)))/(2*RawData!F39))+RawData!F37 | I65: 1.1841536e-05 | J65: =((RawData!J36-RawData!J37)*(RawData!J39+I65+RawData!J38-SQRT(POWER(RawData!J39+I65+RawData!J38,2)-(4*RawData!J39*I65)))/(2*RawData!J39))+RawData!J37
A66: 1.1048543e-05 | B66: =((RawData!B36-RawData!B37)*(RawData!B39+A66+RawData!B38-SQRT(POWER(RawData!B39+A66+RawData!B38,2)-(4*RawData!B39*A66)))/(2*RawData!B39))+RawData!B37 | E66: 1.1048543e-05 | F66: =((RawData!F36-RawData!F37)*(RawData!F39+E66+RawData!F38-SQRT(POWER(RawData!F39+E66+RawData!F38,2)-(4*RawData!F39*E66)))/(2*RawData!F39))+RawData!F37 | I66: 1.1048543e-05 | J66: =((RawData!J36-RawData!J37)*(RawData!J39+I66+RawData!J38-SQRT(POWER(RawData!J39+I66+RawData!J38,2)-(4*RawData!J39*I66)))/(2*RawData!J39))+RawData!J37
A67: 1.0308656e-05 | B67: =((RawData!B36-RawData!B37)*(RawData!B39+A67+RawData!B38-SQRT(POWER(RawData!B39+A67+RawData!B38,2)-(4*RawData!B39*A67)))/(2*RawData!B39))+RawData!B37 | E67: 1.0308656e-05 | F67: =((RawData!F36-RawData!F37)*(RawData!F39+E67+RawData!F38-SQRT(POWER(RawData!F39+E67+RawData!F38,2)-(4*RawData!F39*E67)))/(2*RawData!F39))+RawData!F37 | I67: 1.0308656e-05 | J67: =((RawData!J36-RawData!J37)*(RawData!J39+I67+RawData!J38-SQRT(POWER(RawData!J39+I67+RawData!J38,2)-(4*RawData!J39*I67)))/(2*RawData!J39))+RawData!J37
A68: 9.6183157e-06 | B68: =((RawData!B36-RawData!B37)*(RawData!B39+A68+RawData!B38-SQRT(POWER(RawData!B39+A68+RawData!B38,2)-(4*RawData!B39*A68)))/(2*RawData!B39))+RawData!B37 | E68: 9.6183157e-06 | F68: =((RawData!F36-RawData!F37)*(RawData!F39+E68+RawData!F38-SQRT(POWER(RawData!F39+E68+RawData!F38,2)-(4*RawData!F39*E68)))/(2*RawData!F39))+RawData!F37 | I68: 9.6183157e-06 | J68: =((RawData!J36-RawData!J37)*(RawData!J39+I68+RawData!J38-SQRT(POWER(RawData!J39+I68+RawData!J38,2)-(4*RawData!J39*I68)))/(2*RawData!J39))+RawData!J37
A69: 8.9742059e-06 | B69: =((RawData!B36-RawData!B37)*(RawData!B39+A69+RawData!B38-SQRT(POWER(RawData!B39+A69+RawData!B38,2)-(4*RawData!B39*A69)))/(2*RawData!B39))+RawData!B37 | E69: 8.9742059e-06 | F69: =((RawData!F36-RawData!F37)*(RawData!F39+E69+RawData!F38-SQRT(POWER(RawData!F39+E69+RawData!F38,2)-(4*RawData!F39*E69)))/(2*RawData!F39))+RawData!F37 | I69: 8.9742059e-06 | J69: =((RawData!J36-RawData!J37)*(RawData!J39+I69+RawData!J38-SQRT(POWER(RawData!J39+I69+RawData!J38,2)-(4*RawData!J39*I69)))/(2*RawData!J39))+RawData!J37
A70: 8.3732302e-06 | B70: =((RawData!B36-RawData!B37)*(RawData!B39+A70+RawData!B38-SQRT(POWER(RawData!B39+A70+RawData!B38,2)-(4*RawData!B39*A70)))/(2*RawData!B39))+RawData!B37 | E70: 8.3732302e-06 | F70: =((RawData!F36-RawData!F37)*(RawData!F39+E70+RawData!F38-SQRT(POWER(RawData!F39+E70+RawData!F38,2)-(4*RawData!F39*E70)))/(2*RawData!F39))+RawData!F37 | I70: 8.3732302e-06 | J70: =((RawData!J36-RawData!J37)*(RawData!J39+I70+RawData!J38-SQRT(POWER(RawData!J39+I70+RawData!J38,2)-(4*RawData!J39*I70)))/(2*RawData!J39))+RawData!J37
A71: 7.8125e-06 | B71: =((RawData!B36-RawData!B37)*(RawData!B39+A71+RawData!B38-SQRT(POWER(RawData!B39+A71+RawData!B38,2)-(4*RawData!B39*A71)))/(2*RawData!B39))+RawData!B37 | E71: 7.8125e-06 | F71: =((RawData!F36-RawData!F37)*(RawData!F39+E71+RawData!F38-SQRT(POWER(RawData!F39+E71+RawData!F38,2)-(4*RawData!F39*E71)))/(2*RawData!F39))+RawData!F37 | I71: 7.8125e-06 | J71: =((RawData!J36-RawData!J37)*(RawData!J39+I71+RawData!J38-SQRT(POWER(RawData!J39+I71+RawData!J38,2)-(4*RawData!J39*I71)))/(2*RawData!J39))+RawData!J37
A72: 7.2893202e-06 | B72: =((RawData!B36-RawData!B37)*(RawData!B39+A72+RawData!B38-SQRT(POWER(RawData!B39+A72+RawData!B38,2)-(4*RawData!B39*A72)))/(2*RawData!B39))+RawData!B37 | E72: 7.2893202e-06 | F72: =((RawData!F36-RawData!F37)*(RawData!F39+E72+RawData!F38-SQRT(POWER(RawData!F39+E72+RawData!F38,2)-(4*RawData!F39*E72)))/(2*RawData!F39))+RawData!F37 | I72: 7.2893202e-06 | J72: =((RawData!J36-RawData!J37)*(RawData!J39+I72+RawData!J38-SQRT(POWER(RawData!J39+I72+RawData!J38,2)-(4*RawData!J39*I72)))/(2*RawData!J39))+RawData!J37
A73: 6.8011763e-06 | B73: =((RawData!B36-RawData!B37)*(RawData!B39+A73+RawData!B38-SQRT(POWER(RawData!B39+A73+RawData!B38,2)-(4*RawData!B39*A73)))/(2*RawData!B39))+RawData!B37 | E73: 6.8011763e-06 | F73: =((RawData!F36-RawData!F37)*(RawData!F39+E73+RawData!F38-SQRT(POWER(RawData!F39+E73+RawData!F38,2)-(4*RawData!F39*E73)))/(2*RawData!F39))+RawData!F37 | I73: 6.8011763e-06 | J73: =((RawData!J36-RawData!J37)*(RawData!J39+I73+RawData!J38-SQRT(POWER(RawData!J39+I73+RawData!J38,2)-(4*RawData!J39*I73)))/(2*RawData!J39))+RawData!J37
A74: 6.3457218e-06 | B74: =((RawData!B36-RawData!B37)*(RawData!B39+A74+RawData!B38-SQRT(POWER(RawData!B39+A74+RawData!B38,2)-(4*RawData!B39*A74)))/(2*RawData!B39))+RawData!B37 | E74: 6.3457218e-06 | F74: =((RawData!F36-RawData!F37)*(RawData!F39+E74+RawData!F38-SQRT(POWER(RawData!F39+E74+RawData!F38,2)-(4*RawData!F39*E74)))/(2*RawData!F39))+RawData!F37 | I74: 6.3457218e-06 | J74: =((RawData!J36-RawData!J37)*(RawData!J39+I74+RawData!J38-SQRT(POWER(RawData!J39+I74+RawData!J38,2)-(4*RawData!J39*I74)))/(2*RawData!J39))+RawData!J37
A75: 5.9207678e-06 | B75: =((RawData!B36-RawData!B37)*(RawData!B39+A75+RawData!B38-SQRT(POWER(RawData!B39+A75+RawData!B38,2)-(4*RawData!B39*A75)))/(2*RawData!B39))+RawData!B37 | E75: 5.9207678e-06 | F75: =((RawData!F36-RawData!F37)*(RawData!F39+E75+RawData!F38-SQRT(POWER(RawData!F39+E75+RawData!F38,2)-(4*RawData!F39*E75)))/(2*RawData!F39))+RawData!F37 | I75: 5.9207678e-06 | J75: =((RawData!J36-RawData!J37)*(RawData!J39+I75+RawData!J38-SQRT(POWER(RawData!J39+I75+RawData!J38,2)-(4*RawData!J39*I75)))/(2*RawData!J39))+RawData!J37
A76: 5.5242717e-06 | B76: =((RawData!B36-RawData!B37)*(RawData!B39+A76+RawData!B38-SQRT(POWER(RawData!B39+A76+RawData!B38,2)-(4*RawData!B39*A76)))/(2*RawData!B39))+RawData!B37 | E76: 5.5242717e-06 | F76: =((RawData!F36-RawData!F37)*(RawData!F39+E76+RawData!F38-SQRT(POWER(RawData!F39+E76+RawData!F38,2)-(4*RawData!F39*E76)))/(2*RawData!F39))+RawData!F37 | I76: 5.5242717e-06 | J76: =((RawData!J36-RawData!J37)*(RawData!J39+I76+RawData!J38-SQRT(POWER(RawData!J39+I76+RawData!J38,2)-(4*RawData!J39*I76)))/(2*RawData!J39))+RawData!J37
A77: 5.1543278e-06 | B77: =((RawData!B36-RawData!B37)*(RawData!B39+A77+RawData!B38-SQRT(POWER(RawData!B39+A77+RawData!B38,2)-(4*RawData!B39*A77)))/(2*RawData!B39))+RawData!B37 | E77: 5.1543278e-06 | F77: =((RawData!F36-RawData!F37)*(RawData!F39+E77+RawData!F38-SQRT(POWER(RawData!F39+E77+RawData!F38,2)-(4*RawData!F39*E77)))/(2*RawData!F39))+RawData!F37 | I77: 5.1543278e-06 | J77: =((RawData!J36-RawData!J37)*(RawData!J39+I77+RawData!J38-SQRT(POWER(RawData!J39+I77+RawData!J38,2)-(4*RawData!J39*I77)))/(2*RawData!J39))+RawData!J37
A78: 4.8091579e-06 | B78: =((RawData!B36-RawData!B37)*(RawData!B39+A78+RawData!B38-SQRT(POWER(RawData!B39+A78+RawData!B38,2)-(4*RawData!B39*A78)))/(2*RawData!B39))+RawData!B37 | E78: 4.8091579e-06 | F78: =((RawData!F36-RawData!F37)*(RawData!F39+E78+RawData!F38-SQRT(POWER(RawData!F39+E78+RawData!F38,2)-(4*RawData!F39*E78)))/(2*RawData!F39))+RawData!F37 | I78: 4.8091579e-06 | J78: =((RawData!J36-RawData!J37)*(RawData!J39+I78+RawData!J38-SQRT(POWER(RawData!J39+I78+RawData!J38,2)-(4*RawData!J39*I78)))/(2*RawData!J39))+RawData!J37
A79: 4.4871029e-06 | B79: =((RawData!B36-RawData!B37)*(RawData!B39+A79+RawData!B38-SQRT(POWER(RawData!B39+A79+RawData!B38,2)-(4*RawData!B39*A79)))/(2*RawData!B39))+RawData!B37 | E79: 4.4871029e-06 | F79: =((RawData!F36-RawData!F37)*(RawData!F39+E79+RawData!F38-SQRT(POWER(RawData!F39+E79+RawData!F38,2)-(4*RawData!F39*E79)))/(2*RawData!F39))+RawData!F37 | I79: 4.4871029e-06 | J79: =((RawData!J36-RawData!J37)*(RawData!J39+I79+RawData!J38-SQRT(POWER(RawData!J39+I79+RawData!J38,2)-(4*RawData!J39*I79)))/(2*RawData!J39))+RawData!J37
A80: 4.1866151e-06 | B80: =((RawData!B36-RawData!B37)*(RawData!B39+A80+RawData!B38-SQRT(POWER(RawData!B39+A80+RawData!B38,2)-(4*RawData!B39*A80)))/(2*RawData!B39))+RawData!B37 | E80: 4.1866151e-06 | F80: =((RawData!F36-RawData!F37)*(RawData!F39+E80+RawData!F38-SQRT(POWER(RawData!F39+E80+RawData!F38,2)-(4*RawData!F39*E80)))/(2*RawData!F39))+RawData!F37 | I80: 4.1866151e-06 | J80: =((RawData!J36-RawData!J37)*(RawData!J39+I80+RawData!J38-SQRT(POWER(RawData!J39+I80+RawData!J38,2)-(4*RawData!J39*I80)))/(2*RawData!J39))+RawData!J37
A81: 3.90625e-06 | B81: =((RawData!B36-RawData!B37)*(RawData!B39+A81+RawData!B38-SQRT(POWER(RawData!B39+A81+RawData!B38,2)-(4*RawData!B39*A81)))/(2*RawData!B39))+RawData!B37 | E81: 3.90625e-06 | F81: =((RawData!F36-RawData!F37)*(RawData!F39+E81+RawData!F38-SQRT(POWER(RawData!F39+E81+RawData!F38,2)-(4*RawData!F39*E81)))/(2*RawData!F39))+RawData!F37 | I81: 3.90625e-06 | J81: =((RawData!J36-RawData!J37)*(RawData!J39+I81+RawData!J38-SQRT(POWER(RawData!J39+I81+RawData!J38,2)-(4*RawData!J39*I81)))/(2*RawData!J39))+RawData!J37
A82: 3.6446601e-06 | B82: =((RawData!B36-RawData!B37)*(RawData!B39+A82+RawData!B38-SQRT(POWER(RawData!B39+A82+RawData!B38,2)-(4*RawData!B39*A82)))/(2*RawData!B39))+RawData!B37 | E82: 3.6446601e-06 | F82: =((RawData!F36-RawData!F37)*(RawData!F39+E82+RawData!F38-SQRT(POWER(RawData!F39+E82+RawData!F38,2)-(4*RawData!F39*E82)))/(2*RawData!F39))+RawData!F37 | I82: 3.6446601e-06 | J82: =((RawData!J36-RawData!J37)*(RawData!J39+I82+RawData!J38-SQRT(POWER(RawData!J39+I82+RawData!J38,2)-(4*RawData!J39*I82)))/(2*RawData!J39))+RawData!J37
A83: 3.4005881e-06 | B83: =((RawData!B36-RawData!B37)*(RawData!B39+A83+RawData!B38-SQRT(POWER(RawData!B39+A83+RawData!B38,2)-(4*RawData!B39*A83)))/(2*RawData!B39))+RawData!B37 | E83: 3.4005881e-06 | F83: =((RawData!F36-RawData!F37)*(RawData!F39+E83+RawData!F38-SQRT(POWER(RawData!F39+E83+RawData!F38,2)-(4*RawData!F39*E83)))/(2*RawData!F39))+RawData!F37 | I83: 3.4005881e-06 | J83: =((RawData!J36-RawData!J37)*(RawData!J39+I83+RawData!J38-SQRT(POWER(RawData!J39+I83+RawData!J38,2)-(4*RawData!J39*I83)))/(2*RawData!J39))+RawData!J37
A84: 3.1728609e-06 | B84: =((RawData!B36-RawData!B37)*(RawData!B39+A84+RawData!B38-SQRT(POWER(RawData!B39+A84+RawData!B38,2)-(4*RawData!B39*A84)))/(2*RawData!B39))+RawData!B37 | E84: 3.1728609e-06 | F84: =((RawData!F36-RawData!F37)*(RawData!F39+E84+RawData!F38-SQRT(POWER(RawData!F39+E84+RawData!F38,2)-(4*RawData!F39*E84)))/(2*RawData!F39))+RawData!F37 | I84: 3.1728609e-06 | J84: =((RawData!J36-RawData!J37)*(RawData!J39+I84+RawData!J38-SQRT(POWER(RawData!J39+I84+RawData!J38,2)-(4*RawData!J39*I84)))/(2*RawData!J39))+RawData!J37
A85: 2.9603839e-06 | B85: =((RawData!B36-RawData!B37)*(RawData!B39+A85+RawData!B38-SQRT(POWER(RawData!B39+A85+RawData!B38,2)-(4*RawData!B39*A85)))/(2*RawData!B39))+RawData!B37 | E85: 2.9603839e-06 | F85: =((RawData!F36-RawData!F37)*(RawData!F39+E85+RawData!F38-SQRT(POWER(RawData!F39+E85+RawData!F38,2)-(4*RawData!F39*E85)))/(2*RawData!F39))+RawData!F37 | I85: 2.9603839e-06 | J85: =((RawData!J36-RawData!J37)*(RawData!J39+I85+RawData!J38-SQRT(POWER(RawData!J39+I85+RawData!J38,2)-(4*RawData!J39*I85)))/(2*RawData!J39))+RawData!J37
A86: 2.7621359e-06 | B86: =((RawData!B36-RawData!B37)*(RawData!B39+A86+RawData!B38-SQRT(POWER(RawData!B39+A86+RawData!B38,2)-(4*RawData!B39*A86)))/(2*RawData!B39))+RawData!B37 | E86: 2.7621359e-06 | F86: =((RawData!F36-RawData!F37)*(RawData!F39+E86+RawData!F38-SQRT(POWER(RawData!F39+E86+RawData!F38,2)-(4*RawData!F39*E86)))/(2*RawData!F39))+RawData!F37 | I86: 2.7621359e-06 | J86: =((RawData!J36-RawData!J37)*(RawData!J39+I86+RawData!J38-SQRT(POWER(RawData!J39+I86+RawData!J38,2)-(4*RawData!J39*I86)))/(2*RawData!J39))+RawData!J37
A87: 2.5771639e-06 | B87: =((RawData!B36-RawData!B37)*(RawData!B39+A87+RawData!B38-SQRT(POWER(RawData!B39+A87+RawData!B38,2)-(4*RawData!B39*A87)))/(2*RawData!B39))+RawData!B37 | E87: 2.5771639e-06 | F87: =((RawData!F36-RawData!F37)*(RawData!F39+E87+RawData!F38-SQRT(POWER(RawData!F39+E87+RawData!F38,2)-(4*RawData!F39*E87)))/(2*RawData!F39))+RawData!F37 | I87: 2.5771639e-06 | J87: =((RawData!J36-RawData!J37)*(RawData!J39+I87+RawData!J38-SQRT(POWER(RawData!J39+I87+RawData!J38,2)-(4*RawData!J39*I87)))/(2*RawData!J39))+RawData!J37
A88: 2.4045789e-06 | B88: =((RawData!B36-RawData!B37)*(RawData!B39+A88+RawData!B38-SQRT(POWER(RawData!B39+A88+RawData!B38,2)-(4*RawData!B39*A88)))/(2*RawData!B39))+RawData!B37 | E88: 2.4045789e-06 | F88: =((RawData!F36-RawData!F37)*(RawData!F39+E88+RawData!F38-SQRT(POWER(RawData!F39+E88+RawData!F38,2)-(4*RawData!F39*E88)))/(2*RawData!F39))+RawData!F37 | I88: 2.4045789e-06 | J88: =((RawData!J36-RawData!J37)*(RawData!J39+I88+RawData!J38-SQRT(POWER(RawData!J39+I88+RawData!J38,2)-(4*RawData!J39*I88)))/(2*RawData!J39))+RawData!J37
A89: 2.2435515e-06 | B89: =((RawData!B36-RawData!B37)*(RawData!B39+A89+RawData!B38-SQRT(POWER(RawData!B39+A89+RawData!B38,2)-(4*RawData!B39*A89)))/(2*RawData!B39))+RawData!B37 | E89: 2.2435515e-06 | F89: =((RawData!F36-RawData!F37)*(RawData!F39+E89+RawData!F38-SQRT(POWER(RawData!F39+E89+RawData!F38,2)-(4*RawData!F39*E89)))/(2*RawData!F39))+RawData!F37 | I89: 2.2435515e-06 | J89: =((RawData!J36-RawData!J37)*(RawData!J39+I89+RawData!J38-SQRT(POWER(RawData!J39+I89+RawData!J38,2)-(4*RawData!J39*I89)))/(2*RawData!J39))+RawData!J37
A90: 2.0933075e-06 | B90: =((RawData!B36-RawData!B37)*(RawData!B39+A90+RawData!B38-SQRT(POWER(RawData!B39+A90+RawData!B38,2)-(4*RawData!B39*A90)))/(2*RawData!B39))+RawData!B37 | E90: 2.0933075e-06 | F90: =((RawData!F36-RawData!F37)*(RawData!F39+E90+RawData!F38-SQRT(POWER(RawData!F39+E90+RawData!F38,2)-(4*RawData!F39*E90)))/(2*RawData!F39))+RawData!F37 | I90: 2.0933075e-06 | J90: =((RawData!J36-RawData!J37)*(RawData!J39+I90+RawData!J38-SQRT(POWER(RawData!J39+I90+RawData!J38,2)-(4*RawData!J39*I90)))/(2*RawData!J39))+RawData!J37
A91: 1.953125e-06 | B91: =((RawData!B36-RawData!B37)*(RawData!B39+A91+RawData!B38-SQRT(POWER(RawData!B39+A91+RawData!B38,2)-(4*RawData!B39*A91)))/(2*RawData!B39))+RawData!B37 | E91: 1.953125e-06 | F91: =((RawData!F36-RawData!F37)*(RawData!F39+E91+RawData!F38-SQRT(POWER(RawData!F39+E91+RawData!F38,2)-(4*RawData!F39*E91)))/(2*RawData!F39))+RawData!F37 | I91: 1.953125e-06 | J91: =((RawData!J36-RawData!J37)*(RawData!J39+I91+RawData!J38-SQRT(POWER(RawData!J39+I91+RawData!J38,2)-(4*RawData!J39*I91)))/(2*RawData!J39))+RawData!J37
A92: 1.8223301e-06 | B92: =((RawData!B36-RawData!B37)*(RawData!B39+A92+RawData!B38-SQRT(POWER(RawData!B39+A92+RawData!B38,2)-(4*RawData!B39*A92)))/(2*RawData!B39))+RawData!B37 | E92: 1.8223301e-06 | F92: =((RawData!F36-RawData!F37)*(RawData!F39+E92+RawData!F38-SQRT(POWER(RawData!F39+E92+RawData!F38,2)-(4*RawData!F39*E92)))/(2*RawData!F39))+RawData!F37 | I92: 1.8223301e-06 | J92: =((RawData!J36-RawData!J37)*(RawData!J39+I92+RawData!J38-SQRT(POWER(RawData!J39+I92+RawData!J38,2)-(4*RawData!J39*I92)))/(2*RawData!J39))+RawData!J37
A93: 1.7002941e-06 | B93: =((RawData!B36-RawData!B37)*(RawData!B39+A93+RawData!B38-SQRT(POWER(RawData!B39+A93+RawData!B38,2)-(4*RawData!B39*A93)))/(2*RawData!B39))+RawData!B37 | E93: 1.7002941e-06 | F93: =((RawData!F36-RawData!F37)*(RawData!F39+E93+RawData!F38-SQRT(POWER(RawData!F39+E93+RawData!F38,2)-(4*RawData!F39*E93)))/(2*RawData!F39))+RawData!F37 | I93: 1.7002941e-06 | J93: =((RawData!J36-RawData!J37)*(RawData!J39+I93+RawData!J38-SQRT(POWER(RawData!J39+I93+RawData!J38,2)-(4*RawData!J39*I93)))/(2*RawData!J39))+RawData!J37
A94: 1.5864305e-06 | B94: =((RawData!B36-RawData!B37)*(RawData!B39+A94+RawData!B38-SQRT(POWER(RawData!B39+A94+RawData!B38,2)-(4*RawData!B39*A94)))/(2*RawData!B39))+RawData!B37 | E94: 1.5864305e-06 | F94: =((RawData!F36-RawData!F37)*(RawData!F39+E94+RawData!F38-SQRT(POWER(RawData!F39+E94+RawData!F38,2)-(4*RawData!F39*E94)))/(2*RawData!F39))+RawData!F37 | I94: 1.5864305e-06 | J94: =((RawData!J36-RawData!J37)*(RawData!J39+I94+RawData!J38-SQRT(POWER(RawData!J39+I94+RawData!J38,2)-(4*RawData!J39*I94)))/(2*RawData!J39))+RawData!J37
A95: 1.480192e-06 | B95: =((RawData!B36-RawData!B37)*(RawData!B39+A95+RawData!B38-SQRT(POWER(RawData!B39+A95+RawData!B38,2)-(4*RawData!B39*A95)))/(2*RawData!B39))+RawData!B37 | E95: 1.480192e-06 | F95: =((RawData!F36-RawData!F37)*(RawData!F39+E95+RawData!F38-SQRT(POWER(RawData!F39+E95+RawData!F38,2)-(4*RawData!F39*E95)))/(2*RawData!F39))+RawData!F37 | I95: 1.480192e-06 | J95: =((RawData!J36-RawData!J37)*(RawData!J39+I95+RawData!J38-SQRT(POWER(RawData!J39+I95+RawData!J38,2)-(4*RawData!J39*I95)))/(2*RawData!J39))+RawData!J37
A96: 1.3810679e-06 | B96: =((RawData!B36-RawData!B37)*(RawData!B39+A96+RawData!B38-SQRT(POWER(RawData!B39+A96+RawData!B38,2)-(4*RawData!B39*A96)))/(2*RawData!B39))+RawData!B37 | E96: 1.3810679e-06 | F96: =((RawData!F36-RawData!F37)*(RawData!F39+E96+RawData!F38-SQRT(POWER(RawData!F39+E96+RawData!F38,2)-(4*RawData!F39*E96)))/(2*RawData!F39))+RawData!F37 | I96: 1.3810679e-06 | J96: =((RawData!J36-RawData!J37)*(RawData!J39+I96+RawData!J38-SQRT(POWER(RawData!J39+I96+RawData!J38,2)-(4*RawData!J39*I96)))/(2*RawData!J39))+RawData!J37
A97: 1.2885819e-06 | B97: =((RawData!B36-RawData!B37)*(RawData!B39+A97+RawData!B38-SQRT(POWER(RawData!B39+A97+RawData!B38,2)-(4*RawData!B39*A97)))/(2*RawData!B39))+RawData!B37 | E97: 1.2885819e-06 | F97: =((RawData!F36-RawData!F37)*(RawData!F39+E97+RawData!F38-SQRT(POWER(RawData!F39+E97+RawData!F38,2)-(4*RawData!F39*E97)))/(2*RawData!F39))+RawData!F37 | I97: 1.2885819e-06 | J97: =((RawData!J36-RawData!J37)*(RawData!J39+I97+RawData!J38-SQRT(POWER(RawData!J39+I97+RawData!J38,2)-(4*RawData!J39*I97)))/(2*RawData!J39))+RawData!J37
A98: 1.2022895e-06 | B98: =((RawData!B36-RawData!B37)*(RawData!B39+A98+RawData!B38-SQRT(POWER(RawData!B39+A98+RawData!B38,2)-(4*RawData!B39*A98)))/(2*RawData!B39))+RawData!B37 | E98: 1.2022895e-06 | F98: =((RawData!F36-RawData!F37)*(RawData!F39+E98+RawData!F38-SQRT(POWER(RawData!F39+E98+RawData!F38,2)-(4*RawData!F39*E98)))/(2*RawData!F39))+RawData!F37 | I98: 1.2022895e-06 | J98: =((RawData!J36-RawData!J37)*(RawData!J39+I98+RawData!J38-SQRT(POWER(RawData!J39+I98+RawData!J38,2)-(4*RawData!J39*I98)))/(2*RawData!J39))+RawData!J37
A99: 1.1217757e-06 | B99: =((RawData!B36-RawData!B37)*(RawData!B39+A99+RawData!B38-SQRT(POWER(RawData!B39+A99+RawData!B38,2)-(4*RawData!B39*A99)))/(2*RawData!B39))+RawData!B37 | E99: 1.1217757e-06 | F99: =((RawData!F36-RawData!F37)*(RawData!F39+E99+RawData!F38-SQRT(POWER(RawData!F39+E99+RawData!F38,2)-(4*RawData!F39*E99)))/(2*RawData!F39))+RawData!F37 | I99: 1.1217757e-06 | J99: =((RawData!J36-RawData!J37)*(RawData!J39+I99+RawData!J38-SQRT(POWER(RawData!J39+I99+RawData!J38,2)-(4*RawData!J39*I99)))/(2*RawData!J39))+RawData!J37
A100: 1.0466538e-06 | B100: =((RawData!B36-RawData!B37)*(RawData!B39+A100+RawData!B38-SQRT(POWER(RawData!B39+A100+RawData!B38,2)-(4*RawData!B39*A100)))/(2*RawData!B39))+RawData!B37 | E100: 1.0466538e-06 | F100: =((RawData!F36-RawData!F37)*(RawData!F39+E100+RawData!F38-SQRT(POWER(RawData!F39+E100+RawData!F38,2)-(4*RawData!F39*E100)))/(2*RawData!F39))+RawData!F37 | I100: 1.0466538e-06 | J100: =((RawData!J36-RawData!J37)*(RawData!J39+I100+RawData!J38-SQRT(POWER(RawData!J39+I100+RawData!J38,2)-(4*RawData!J39*I100)))/(2*RawData!J39))+RawData!J37
...
